t,Phase,Marker,WR,HR,V'O2,V'CO2,FEetO2,FEetCO2,V'E,VT,BF,RpM
0:00:11.420,Rest,,0,80,0.27,0.22,15.2,4.8,9.8,0.81,12,0
0:00:16.740,Rest,,0,85,0.52,0.41,14.6,5.4,14.1,1.25,11,0
0:00:19.860,Rest,,0,88,0.35,0.26,15.6,4.5,12.9,0.67,19,0
0:00:22.820,Rest,,0,81,0.43,0.32,15.2,4.7,14.9,0.74,20,0
0:00:26.640,Rest,,0,89,0.47,0.36,14.7,5.1,14.8,0.94,16,0
0:00:30.720,Rest,,0,72,0.49,0.38,14.5,5.2,14.5,0.99,15,0
0:00:35.900,Rest,,0,86,0.49,0.38,14.6,5.3,14.3,1.23,12,0
0:00:39.200,Rest,,0,86,0.35,0.27,15.5,4.5,13.6,0.75,18,0
0:00:43.080,Rest,,0,75,0.47,0.38,15.0,5.0,15.7,1.01,15,0
0:00:46.020,Rest,,0,76,0.35,0.27,15.6,4.5,13.7,0.67,20,0
0:00:48.600,Rest,,0,83,0.41,0.32,15.4,4.6,16.1,0.69,23,0
0:00:51.220,Rest,,0,80,0.38,0.30,15.6,4.4,14.8,0.65,23,0
0:00:54.100,Rest,,0,71,0.34,0.26,15.5,4.4,13.2,0.63,21,0
0:00:56.720,Rest,,0,78,0.48,0.37,15.1,4.7,16.7,0.73,23,0
0:00:59.760,Rest,,0,86,0.54,0.42,14.9,5.0,18.2,0.92,20,0
0:01:04.520,Rest,,0,82,0.52,0.42,14.7,5.2,15.6,1.24,13,0
0:01:12.860,Rest,,0,88,0.45,0.40,14.9,5.4,12.8,1.77,7,0
0:01:17.380,Rest,,0,75,0.26,0.21,15.5,4.7,10.4,0.78,13,0
0:01:20.900,Rest,,0,82,0.36,0.29,15.2,4.8,13.4,0.79,17,0
0:01:23.480,Rest,,0,81,0.38,0.30,15.4,4.5,13.8,0.59,23,0
0:01:26.040,Rest,,0,74,0.29,0.22,15.8,4.1,11.2,0.48,23,0
0:01:28.280,Rest,,0,74,0.39,0.29,15.2,4.5,13.9,0.52,27,0
0:01:30.800,Rest,,0,81,0.57,0.42,14.6,4.9,17.6,0.74,24,0
0:01:33.840,Rest,,0,84,0.52,0.39,14.8,4.9,17.2,0.87,20,0
0:01:37.640,Rest,,0,85,0.56,0.44,14.6,5.2,17.3,1.09,16,0
0:01:43.980,Rest,,0,83,0.49,0.42,14.9,5.3,14.9,1.58,9,0
0:01:47.700,Rest,,0,79,0.42,0.35,15.3,4.9,14.7,0.91,16,0
0:01:51.820,Rest,,0,81,0.48,0.42,15.3,5.1,16.2,1.11,15,0
0:01:55.360,Rest,,0,89,0.27,0.22,15.7,4.6,10.8,0.64,17,0
0:01:58.280,Rest,,0,71,0.39,0.31,15.5,4.7,14.4,0.70,21,0
0:02:00.940,Rest,,0,71,0.40,0.32,15.4,4.6,14.1,0.62,23,0
0:02:03.480,Rest,,0,81,0.51,0.40,15.2,4.8,17.4,0.74,24,0
0:02:08.140,Rest,,0,77,0.59,0.51,15.2,5.2,18.2,1.42,13,0
0:02:13.640,Rest,,0,79,0.40,0.36,15.5,5.1,13.2,1.21,11,0
0:02:16.740,Rest,,0,84,0.42,0.36,15.8,4.7,16.1,0.83,19,0
0:02:19.880,Rest,,0,83,0.48,0.42,15.6,4.9,17.4,0.91,19,0
0:02:23.760,Rest,,0,87,0.50,0.44,15.6,5.0,17.6,1.14,15,0
0:02:26.760,Rest,,0,90,0.46,0.40,15.8,4.7,18.1,0.91,20,0
0:02:29.700,Rest,,0,87,0.40,0.34,15.8,4.7,15.6,0.77,20,0
0:02:32.520,Rest,,0,82,0.52,0.45,15.5,4.9,19.1,0.90,21,0
0:02:35.580,Rest,,0,85,0.51,0.45,15.7,4.8,19.4,0.99,20,0
0:02:38.140,Rest,,0,91,0.55,0.48,15.8,4.7,21.5,0.92,23,0
0:02:40.440,Rest,,0,90,0.45,0.39,16.1,4.4,19.6,0.75,26,0
0:02:43.260,Rest,,0,94,0.54,0.48,15.9,4.7,21.6,1.02,21,0
0:02:46.120,Rest,,0,86,0.29,0.25,16.2,4.5,14.3,0.68,21,0
0:02:48.520,Rest,,0,83,0.54,0.48,15.9,4.7,22.4,0.90,25,0
0:02:51.380,Rest,,0,89,0.60,0.53,15.7,5.0,22.1,1.06,21,0
0:02:54.840,Rest,,0,95,0.41,0.37,15.9,4.8,16.2,0.94,17,0
0:02:56.960,Rest,,0,95,0.34,0.30,16.4,4.3,16.9,0.60,28,0
0:03:00.620,Exercise,,0,94,0.40,0.35,15.7,4.9,15.3,0.94,16,0
0:03:02.880,Exercise,,0,97,0.55,0.47,15.5,4.9,19.8,0.75,27,0
0:03:05.580,Exercise,,0,110,0.68,0.56,15.1,5.3,22.1,1.00,22,31
0:03:07.520,Exercise,,30,114,0.44,0.35,15.7,4.5,17.1,0.55,31,67
0:03:10.660,Exercise,,30,114,0.59,0.49,15.1,5.1,20.2,1.06,19,58
0:03:13.140,Exercise,,30,103,0.59,0.48,15.3,4.9,20.9,0.86,24,61
0:03:15.560,Exercise,,30,94,0.65,0.52,15.0,5.0,21.8,0.88,25,60
0:03:18.640,Exercise,,30,96,0.75,0.62,14.9,5.3,22.7,1.17,19,58
0:03:21.220,Exercise,,30,100,0.56,0.45,15.4,4.8,20.0,0.86,23,58
0:03:24.100,Exercise,,30,106,0.77,0.63,14.9,5.3,23.7,1.14,21,61
0:03:27.500,Exercise,,30,101,0.51,0.42,15.3,5.0,17.7,1.00,18,60
0:03:30.940,Exercise,,30,99,0.68,0.57,15.1,5.2,21.5,1.23,17,61
0:03:35.120,Exercise,,30,104,0.81,0.70,14.9,5.4,23.5,1.64,14,62
0:03:37.720,Exercise,,30,100,0.74,0.59,14.9,5.2,23.5,1.02,23,62
0:03:40.740,Exercise,,30,103,0.73,0.60,14.9,5.2,23.2,1.17,20,63
0:03:43.700,Exercise,,30,106,0.82,0.66,14.7,5.3,25.0,1.23,20,61
0:03:47.640,Exercise,,30,97,0.83,0.69,14.6,5.4,24.2,1.59,15,61
0:03:50.800,Exercise,,30,101,0.78,0.62,14.7,5.3,24.3,1.28,19,61
0:03:53.620,Exercise,,30,104,0.75,0.60,14.7,5.2,23.4,1.10,21,65
0:03:55.700,Exercise,,30,107,0.17,0.13,17.2,3.2,11.9,0.41,29,62
0:03:57.800,Exercise,,30,109,0.81,0.64,15.0,4.9,27.7,0.97,29,62
0:03:59.940,Exercise,,30,96,1.03,0.79,14.3,5.3,28.6,1.02,28,62
0:04:02.040,Exercise,,30,93,0.79,0.58,14.4,5.2,24.3,0.85,29,64
0:04:04.600,Exercise,,30,104,0.96,0.72,14.1,5.4,26.4,1.13,23,64
0:04:07.900,Exercise,,30,103,0.83,0.65,14.4,5.3,23.3,1.28,18,63
0:04:10.620,Exercise,,30,100,0.97,0.74,14.2,5.4,26.6,1.21,22,64
0:04:13.480,Exercise,,30,106,0.87,0.66,14.2,5.4,25.1,1.20,21,61
0:04:16.100,Exercise,,30,104,1.04,0.78,14.1,5.4,27.6,1.21,23,62
0:04:18.820,Exercise,,30,99,1.01,0.77,14.2,5.4,27.5,1.25,22,61
0:04:24.740,Exercise,,30,100,0.87,0.76,15.0,5.4,25.2,2.49,10,60
0:04:27.240,Exercise,,30,101,0.78,0.61,14.8,5.3,24.5,1.02,24,60
0:04:30.000,Exercise,,30,95,0.79,0.62,14.3,5.5,22.7,1.04,22,62
0:04:32.300,Exercise,,30,97,1.04,0.79,14.2,5.5,28.8,1.11,26,63
0:04:35.620,Exercise,,30,106,0.91,0.72,14.4,5.5,25.1,1.39,18,63
0:04:38.740,Exercise,,30,103,0.88,0.71,14.5,5.4,25.6,1.33,19,61
0:04:41.820,Exercise,,30,95,0.92,0.74,14.6,5.4,26.6,1.37,19,63
0:04:44.400,Exercise,,30,100,0.82,0.66,14.8,5.2,25.1,1.08,23,64
0:04:47.040,Exercise,,30,106,0.96,0.77,14.4,5.4,27.7,1.22,23,61
0:04:51.140,Exercise,,30,89,0.98,0.84,14.6,5.5,26.7,1.83,15,61
0:04:53.900,Exercise,,30,95,0.85,0.71,15.0,5.2,27.0,1.24,22,60
0:04:56.680,Exercise,,30,101,0.93,0.78,14.7,5.3,28.1,1.30,22,62
0:04:59.960,Exercise,,30,103,0.86,0.73,14.9,5.3,25.9,1.42,18,61
0:05:02.660,Exercise,,30,103,0.80,0.66,14.8,5.3,24.8,1.12,22,61
0:05:08.100,Exercise,,30,101,0.84,0.75,14.7,5.7,22.8,2.07,11,60
0:05:11.940,Exercise,,30,101,0.87,0.72,14.4,5.7,24.9,1.59,16,63
0:05:16.280,Exercise,,30,101,0.95,0.81,14.5,5.6,25.4,1.84,14,57
0:05:18.300,Exercise,,30,97,0.67,0.52,15.0,5.0,24.7,0.83,30,57
0:05:21.780,Exercise,,30,104,0.89,0.72,14.4,5.6,25.6,1.49,17,61
0:05:24.580,Exercise,,30,99,1.02,0.80,14.3,5.6,28.8,1.35,21,61
0:05:27.760,Exercise,,30,93,0.79,0.64,14.9,5.3,26.2,1.39,19,61
0:05:30.620,Exercise,,30,99,0.96,0.78,15.0,5.3,29.7,1.41,21,61
0:05:33.780,Exercise,,30,101,0.93,0.79,15.0,5.4,29.0,1.53,19,62
0:05:36.900,Exercise,,30,95,0.88,0.75,15.1,5.3,28.1,1.46,19,63
0:05:40.340,Exercise,,30,103,0.77,0.66,15.3,5.3,25.3,1.45,17,63
0:05:43.280,Exercise,,30,106,0.84,0.71,14.7,5.5,25.8,1.27,20,63
0:05:46.940,Exercise,,30,101,0.93,0.81,14.6,5.6,26.5,1.62,16,61
0:05:49.340,Exercise,,30,103,0.60,0.48,15.1,5.0,21.2,0.85,25,60
0:05:52.200,Exercise,,30,106,0.98,0.79,14.6,5.5,29.1,1.39,21,60
0:05:55.220,Exercise,,30,106,0.96,0.79,14.8,5.4,28.7,1.44,20,62
0:05:59.200,Exercise,,30,106,0.98,0.89,15.0,5.4,29.7,1.97,15,62
0:06:02.740,Exercise,,30,109,0.66,0.56,15.1,5.3,21.7,1.28,17,60
0:06:05.240,Exercise,,30,104,0.78,0.65,14.9,5.4,26.0,1.08,24,62
0:06:07.840,Exercise,,30,94,0.86,0.69,14.5,5.5,26.4,1.15,23,62
0:06:11.080,Exercise,,30,103,0.97,0.81,14.6,5.6,28.0,1.51,19,63
0:06:15.680,Exercise,,30,101,0.83,0.72,14.7,5.6,23.0,1.76,13,63
0:06:19.400,Exercise,,30,99,0.79,0.69,14.7,5.6,23.7,1.47,16,62
0:06:21.760,Exercise,,30,103,0.81,0.67,14.9,5.3,26.4,1.04,25,63
0:06:23.800,Exercise,,30,109,0.84,0.68,14.7,5.3,26.1,0.89,29,63
0:06:26.060,Exercise,,80,109,0.96,0.78,14.5,5.4,28.4,1.07,27,63
0:06:29.560,Exercise,,80,106,1.11,0.95,14.7,5.5,30.9,1.80,17,63
0:06:33.440,Exercise,,80,110,0.91,0.80,14.8,5.6,26.5,1.71,15,62
0:06:36.180,Exercise,,80,112,0.95,0.81,14.7,5.6,29.1,1.33,22,62
0:06:39.880,Exercise,,80,109,0.94,0.82,14.6,5.7,26.8,1.65,16,64
0:06:44.000,Exercise,,80,110,0.80,0.71,14.8,5.6,24.0,1.65,15,63
0:06:46.080,Exercise,,30,104,0.79,0.66,14.9,5.3,27.0,0.94,29,67
0:06:48.000,Exercise,,30,106,0.90,0.73,14.7,5.4,29.1,0.93,31,67
0:06:50.000,Exercise,,30,112,0.93,0.72,14.7,5.3,30.8,1.03,30,59
0:06:52.760,Exercise,,30,103,1.29,1.04,14.3,5.7,35.1,1.62,22,59
0:06:56.260,Exercise,,30,100,1.05,0.88,14.7,5.5,29.7,1.73,17,60
0:07:00.040,Exercise,,30,106,1.04,0.92,14.7,5.6,30.1,1.89,16,60
0:07:04.360,Exercise,,30,100,0.91,0.80,14.9,5.6,26.7,1.93,14,61
0:07:06.360,Exercise,,80,103,0.91,0.75,15.0,5.3,30.2,1.01,30,59
0:07:08.200,Exercise,,80,107,0.82,0.67,14.9,5.2,27.3,0.84,33,59
0:07:10.260,Exercise,,80,109,1.06,0.87,14.4,5.5,31.7,1.09,29,60
0:07:14.140,Exercise,,80,100,1.05,0.88,14.4,5.8,28.0,1.81,15,60
0:07:17.840,Exercise,,80,106,0.96,0.82,14.8,5.6,27.6,1.70,16,62
0:07:20.240,Exercise,,80,110,0.91,0.76,14.7,5.4,28.6,1.14,25,60
0:07:22.620,Exercise,,80,112,0.85,0.69,14.7,5.4,28.5,1.13,25,60
0:07:24.920,Exercise,,80,103,1.08,0.85,14.5,5.5,31.4,1.21,26,60
0:07:27.120,Exercise,,30,101,0.97,0.76,14.7,5.3,31.2,1.14,27,61
0:07:29.360,Exercise,,30,109,1.00,0.81,14.8,5.3,31.8,1.19,27,58
0:07:31.760,Exercise,,30,112,0.68,0.57,15.5,4.8,25.3,1.01,25,58
0:07:33.960,Exercise,,30,109,1.28,1.08,14.7,5.5,37.9,1.39,27,62
0:07:36.940,Exercise,,30,103,1.26,1.06,14.3,5.8,33.4,1.66,20,61
0:07:39.560,Exercise,,30,104,0.89,0.74,14.8,5.4,27.8,1.22,23,62
0:07:42.180,Exercise,,30,110,0.95,0.78,14.9,5.4,29.6,1.29,23,59
0:07:44.560,Exercise,,30,107,1.11,0.89,14.4,5.7,32.5,1.29,25,59
0:07:46.980,Exercise,,30,104,1.19,0.97,14.3,5.7,33.1,1.33,25,59
0:07:53.980,Exercise,,30,109,0.88,0.81,14.2,6.1,24.4,2.85,9,60
0:07:58.400,Exercise,,30,90,1.00,0.89,14.6,5.9,26.8,1.97,14,61
0:08:00.760,Exercise,,30,101,0.98,0.79,14.4,5.7,27.7,1.09,25,61
0:08:04.920,Exercise,,30,106,1.05,0.92,14.9,5.6,30.0,2.08,14,60
0:08:07.140,Exercise,,80,103,0.89,0.73,14.9,5.4,28.1,1.04,27,59
0:08:09.460,Exercise,,80,109,1.07,0.87,14.5,5.6,31.3,1.21,26,60
0:08:13.440,Exercise,,80,101,1.03,0.90,14.7,5.7,29.0,1.93,15,62
0:08:16.540,Exercise,,80,109,0.99,0.82,14.6,5.7,27.4,1.41,19,61
0:08:18.960,Exercise,,80,109,0.95,0.77,14.7,5.5,29.7,1.20,25,61
0:08:21.180,Exercise,,80,114,1.03,0.83,14.8,5.4,32.0,1.19,27,62
0:08:23.340,Exercise,,80,117,1.10,0.88,14.7,5.5,34.0,1.23,28,60
0:08:26.300,Exercise,,80,103,0.80,0.67,14.3,5.7,22.5,1.11,20,59
0:08:30.620,Exercise,,80,110,0.99,0.84,14.1,6.0,25.5,1.84,14,62
0:08:34.020,Exercise,,80,115,1.25,1.07,14.7,5.6,35.1,1.99,18,61
0:08:38.420,Exercise,,80,112,1.10,0.97,14.5,5.9,29.2,2.14,14,60
0:08:41.840,Exercise,,80,114,1.10,0.90,13.9,6.1,28.0,1.60,18,61
0:08:45.300,Exercise,,80,115,0.81,0.66,14.4,5.7,22.9,1.32,17,61
0:08:48.500,Exercise,,30,106,1.26,1.02,13.8,6.0,30.6,1.63,19,65
0:08:52.740,Exercise,,30,110,1.21,1.00,13.6,6.2,27.6,1.95,14,63
0:08:55.720,Exercise,,30,112,1.18,0.93,14.0,5.8,30.1,1.50,20,65
0:08:58.320,Exercise,,30,103,1.32,1.05,14.2,5.7,35.8,1.55,23,59
0:09:00.680,Exercise,,30,107,1.21,0.96,14.5,5.5,34.6,1.36,25,59
0:09:04.580,Exercise,,80,109,1.20,1.08,14.8,5.6,34.9,2.27,15,61
0:09:07.020,Exercise,,80,107,1.03,0.86,14.8,5.6,32.2,1.31,25,61
0:09:09.320,Exercise,,80,109,1.16,0.96,14.6,5.7,34.3,1.32,26,61
0:09:12.900,Exercise,,80,114,1.17,1.03,14.7,5.8,33.3,1.99,17,61
0:09:15.560,Exercise,,80,112,1.03,0.89,14.7,5.6,30.3,1.34,23,58
0:09:19.400,Exercise,,80,110,1.09,0.97,14.6,5.9,29.3,1.88,16,60
0:09:23.140,Exercise,,80,114,1.10,0.97,14.5,5.9,29.8,1.86,16,61
0:09:26.160,Exercise,,80,112,1.16,1.00,14.6,5.7,32.5,1.64,20,60
0:09:28.220,Exercise,,80,109,1.20,1.01,14.9,5.4,36.6,1.26,29,60
0:09:30.580,Exercise,,80,110,1.15,0.98,14.8,5.6,33.8,1.33,25,61
0:09:33.820,Exercise,,80,115,1.12,0.96,14.5,5.8,30.2,1.63,19,60
0:09:38.160,Exercise,,80,107,1.24,1.09,14.3,6.1,31.6,2.29,14,64
0:09:41.660,Exercise,,80,110,1.15,1.00,14.6,5.7,31.8,1.85,17,59
0:09:43.900,Exercise,,80,114,1.20,1.00,14.7,5.6,35.7,1.33,27,61
0:09:46.220,Exercise,,80,115,1.20,1.00,14.6,5.6,35.3,1.36,26,61
0:09:48.600,Exercise,,80,115,1.25,1.05,14.7,5.6,37.4,1.49,25,59
0:09:51.280,Exercise,,80,115,1.01,0.86,14.7,5.6,29.9,1.34,22,61
0:09:53.880,Exercise,,80,115,1.39,1.17,14.3,5.8,38.0,1.65,23,61
0:09:57.280,Exercise,,80,117,1.29,1.10,14.4,5.8,34.9,1.98,18,61
0:10:00.140,Exercise,,80,117,1.36,1.17,14.6,5.7,38.9,1.86,21,60
0:10:03.920,Exercise,,80,112,1.19,1.07,14.8,5.8,33.8,2.13,16,61
0:10:06.420,Exercise,,30,117,1.20,1.02,14.4,5.8,33.9,1.41,24,62
0:10:09.720,Exercise,,30,112,1.21,1.05,14.5,5.9,33.9,1.87,18,62
0:10:14.500,Exercise,,30,103,1.08,0.98,14.6,5.9,28.7,2.28,13,64
0:10:17.740,Exercise,,30,114,1.07,0.93,14.3,6.0,29.5,1.59,19,59
0:10:21.800,Exercise,,30,95,1.07,0.95,14.5,5.9,28.0,1.90,15,61
0:10:24.680,Exercise,,30,101,1.13,0.97,14.4,5.8,31.5,1.51,21,60
0:10:30.000,Exercise,,30,103,1.01,0.95,14.8,5.8,28.4,2.52,11,61
0:10:34.920,Exercise,,30,100,1.11,1.03,14.7,5.9,29.6,2.43,12,61
0:10:39.200,Exercise,,30,106,0.99,0.92,14.9,5.8,28.1,2.01,14,62
0:10:43.100,Exercise,,30,97,0.89,0.81,14.8,5.8,25.7,1.67,15,61
0:10:46.420,Exercise,,30,96,1.04,0.92,14.7,5.9,29.6,1.64,18,60
0:10:49.620,Exercise,,30,107,0.92,0.82,15.1,5.6,28.0,1.50,19,62
0:10:52.180,Exercise,,30,109,1.05,0.93,14.9,5.7,32.4,1.38,23,62
0:10:56.180,Exercise,,30,101,0.93,0.86,15.0,5.7,26.9,1.80,15,61
0:10:59.220,Exercise,,30,106,0.81,0.73,15.0,5.6,25.8,1.31,20,62
0:11:02.040,Exercise,,30,107,1.00,0.87,14.7,5.8,29.9,1.41,21,62
0:11:05.360,Exercise,,30,100,0.93,0.83,14.8,5.7,28.0,1.55,18,63
0:11:08.060,Exercise,,30,103,0.88,0.78,14.9,5.6,29.1,1.31,22,62
0:11:11.680,Exercise,,30,103,0.95,0.86,14.9,5.7,29.7,1.79,17,61
0:11:14.620,Exercise,,30,104,0.96,0.87,15.2,5.5,31.2,1.53,20,60
0:11:17.920,Exercise,,30,107,0.98,0.90,15.2,5.6,30.5,1.68,18,61
0:11:23.120,Exercise,,30,97,0.91,0.88,15.3,5.7,26.8,2.32,12,61
0:11:25.480,Exercise,,80,104,0.87,0.78,15.2,5.5,28.9,1.14,25,59
0:11:27.900,Exercise,,80,110,0.92,0.81,14.9,5.6,30.1,1.22,25,59
0:11:30.720,Exercise,,80,107,1.24,1.12,15.2,5.6,37.2,1.75,21,59
0:11:33.800,Exercise,,80,106,0.99,0.93,15.6,5.3,32.3,1.66,19,61
0:11:37.000,Exercise,,80,110,0.97,0.92,15.5,5.5,31.6,1.69,19,60
0:11:41.260,Exercise,,80,106,0.93,0.91,15.4,5.6,29.2,2.08,14,62
0:11:44.240,Exercise,,80,109,0.86,0.79,15.3,5.5,28.2,1.40,20,60
0:11:46.500,Exercise,,30,109,0.83,0.72,15.1,5.5,28.3,1.07,27,63
0:11:48.800,Exercise,,30,110,1.00,0.85,14.8,5.5,31.3,1.20,26,63
0:11:52.220,Exercise,,30,104,1.20,1.06,14.7,5.8,33.7,1.92,18,62
0:11:55.660,Exercise,,30,112,0.85,0.74,14.6,5.7,25.0,1.44,17,62
0:12:00.040,Exercise,,30,106,0.95,0.84,14.6,5.8,26.0,1.90,14,60
0:12:02.640,Exercise,,30,103,1.27,1.09,14.7,5.6,37.7,1.63,23,62
0:12:04.680,Exercise,,80,109,1.12,0.94,14.9,5.4,36.3,1.23,29,60
0:12:06.860,Exercise,,80,112,1.07,0.91,14.9,5.5,35.4,1.29,28,60
0:12:09.140,Exercise,,80,110,1.23,1.04,14.9,5.5,38.8,1.47,26,60
0:12:11.580,Exercise,,80,107,1.25,1.08,14.9,5.5,39.2,1.60,25,63
0:12:14.500,Exercise,,80,109,1.03,0.92,15.3,5.4,33.4,1.62,21,62
0:12:16.740,Exercise,,80,112,1.01,0.89,15.3,5.3,34.7,1.30,27,59
0:12:19.120,Exercise,,80,115,1.14,1.00,15.1,5.4,36.3,1.44,25,59
0:12:22.320,Exercise,,80,109,1.17,1.06,15.2,5.5,35.6,1.90,19,60
0:12:24.720,Exercise,,80,107,1.06,0.94,15.1,5.5,33.8,1.35,25,60
0:12:28.540,Exercise,,30,110,1.19,1.09,15.1,5.6,35.2,2.25,16,64
0:12:30.820,Exercise,,30,112,0.99,0.88,15.1,5.4,33.0,1.26,26,64
0:12:33.740,Exercise,,30,110,1.10,0.99,14.9,5.6,33.2,1.61,21,63
0:12:36.220,Exercise,,30,110,0.97,0.83,14.8,5.6,30.1,1.25,24,60
0:12:40.300,Exercise,,30,106,0.92,0.83,14.8,5.7,26.2,1.78,15,61
0:12:43.680,Exercise,,30,96,1.10,0.97,14.6,5.7,30.8,1.74,18,60
0:12:46.980,Exercise,,30,109,1.11,0.96,14.4,5.9,30.9,1.70,18,59
0:12:50.360,Exercise,,30,107,0.90,0.78,14.5,5.7,26.1,1.47,18,61
0:12:53.880,Exercise,,30,100,1.00,0.86,14.3,5.8,27.8,1.63,17,59
0:12:57.340,Exercise,,30,109,1.05,0.90,14.5,5.8,29.4,1.70,17,61
0:13:01.380,Exercise,,30,100,1.06,0.95,14.6,5.8,29.7,2.00,15,59
0:13:04.840,Exercise,,30,100,0.98,0.88,14.9,5.6,29.3,1.69,17,60
0:13:07.260,Exercise,,80,107,1.08,0.93,14.9,5.5,34.4,1.39,25,57
0:13:09.560,Exercise,,80,110,1.05,0.90,14.9,5.5,32.9,1.26,26,61
0:13:13.660,Exercise,,80,100,1.16,1.07,15.1,5.6,34.2,2.34,15,61
0:13:18.000,Exercise,,80,106,0.99,0.91,14.8,5.8,28.2,2.04,14,61
0:13:21.800,Exercise,,80,110,0.94,0.85,14.9,5.7,28.0,1.77,16,60
0:13:25.200,Exercise,,80,109,1.03,0.90,14.6,5.9,28.6,1.62,18,61
0:13:28.860,Exercise,,80,110,0.99,0.86,14.7,5.7,28.5,1.74,16,60
0:13:33.400,Exercise,,80,112,0.95,0.83,14.4,6.0,26.1,1.98,13,62
0:13:36.380,Exercise,,80,110,0.40,0.33,15.7,4.8,16.8,0.83,20,61
0:13:39.280,Exercise,,80,110,1.31,1.09,14.0,6.1,33.1,1.60,21,61
0:13:44.860,Exercise,,80,110,1.22,1.06,14.2,6.0,30.7,2.85,11,60
0:13:47.300,Exercise,,30,114,1.11,0.88,14.0,5.9,31.6,1.29,25,62
0:13:49.540,Exercise,,30,114,1.16,0.86,13.6,6.1,31.4,1.17,27,65
0:13:51.320,Exercise,,30,114,0.36,0.28,16.2,4.0,18.9,0.56,34,64
0:13:54.260,Exercise,,30,119,1.28,1.05,14.3,5.8,34.5,1.69,20,66
0:13:56.080,Exercise,,30,117,1.45,1.13,13.7,6.0,38.4,1.16,33,66
0:13:58.660,Exercise,,30,103,1.19,0.94,14.0,5.9,32.2,1.38,23,60
0:14:01.340,Exercise,,30,112,1.47,1.18,14.1,5.8,38.5,1.72,22,59
0:14:04.820,Exercise,,30,114,1.01,0.86,14.3,5.8,27.5,1.60,17,60
0:14:07.100,Exercise,,80,107,1.17,0.96,14.2,5.9,33.6,1.28,26,60
0:14:09.400,Exercise,,80,103,0.95,0.77,14.4,5.7,28.5,1.09,26,60
0:14:12.040,Exercise,,80,110,1.08,0.89,14.1,5.9,30.0,1.32,23,60
0:14:15.740,Exercise,,80,107,1.05,0.89,14.1,6.0,26.8,1.65,16,59
0:14:18.640,Exercise,,80,106,1.23,1.02,14.0,6.0,32.2,1.56,21,61
0:14:21.580,Exercise,,80,112,1.24,1.03,14.3,5.8,33.3,1.63,20,60
0:14:25.580,Exercise,,80,110,1.14,1.01,14.4,5.9,30.1,2.01,15,59
0:14:28.480,Exercise,,80,112,1.20,1.04,14.3,5.9,32.9,1.59,21,61
0:14:31.740,Exercise,,80,115,1.30,1.13,14.2,6.0,34.3,1.86,18,60
0:14:34.120,Exercise,,80,117,1.28,1.07,14.3,5.8,34.8,1.38,25,61
0:14:36.300,Exercise,,80,115,1.19,0.98,14.2,5.8,34.1,1.24,28,61
0:14:39.980,Exercise,,80,119,0.60,0.53,15.2,5.3,20.1,1.24,16,60
0:14:43.960,Exercise,,80,112,1.40,1.22,13.8,6.4,32.6,2.16,15,60
0:14:47.160,Exercise,,80,115,1.52,1.27,13.7,6.3,35.2,1.88,19,60
0:14:49.760,Exercise,,80,119,1.41,1.15,14.1,5.9,37.8,1.64,23,61
0:14:53.300,Exercise,,80,114,1.33,1.13,14.2,6.0,34.8,2.05,17,61
0:14:56.860,Exercise,,80,114,1.23,1.06,14.4,6.0,32.6,1.93,17,59
0:15:00.340,Exercise,,80,115,1.30,1.12,14.3,6.1,34.0,1.97,17,63
0:15:03.860,Exercise,,80,115,1.34,1.14,13.9,6.2,33.1,1.95,17,59
0:15:07.120,Exercise,,30,114,1.17,0.98,14.2,6.0,31.1,1.69,18,63
0:15:10.480,Exercise,,30,114,1.29,1.10,14.0,6.2,33.0,1.85,18,61
0:15:14.340,Exercise,,30,103,1.17,1.02,14.3,6.0,30.1,1.94,16,60
0:15:18.280,Exercise,,30,107,1.35,1.18,14.2,6.1,33.2,2.18,15,59
0:15:22.120,Exercise,,30,110,1.15,1.06,14.8,5.8,33.0,2.11,16,59
0:15:24.740,Exercise,,30,107,1.27,1.14,14.7,5.9,37.4,1.64,23,60
0:15:27.780,Exercise,,30,107,1.14,1.05,14.9,5.7,33.7,1.71,20,63
0:15:30.480,Exercise,,30,112,1.17,1.06,14.6,5.9,33.8,1.52,22,62
0:15:33.700,Exercise,,30,110,1.42,1.30,14.6,6.0,38.3,2.06,19,65
0:15:35.980,Exercise,,30,109,1.12,1.00,14.9,5.7,34.9,1.33,26,65
0:15:38.420,Exercise,,30,110,1.07,0.98,15.2,5.5,34.8,1.42,25,61
0:15:41.600,Exercise,,30,106,1.08,1.05,15.5,5.5,35.3,1.87,19,60
0:15:44.400,Exercise,,30,82,1.17,1.15,15.5,5.5,38.2,1.79,21,59
0:15:48.220,Exercise,,30,95,1.00,1.03,15.7,5.5,33.7,2.15,16,60
0:15:50.820,Exercise,,30,100,0.82,0.82,15.7,5.5,30.1,1.30,23,63
0:15:53.380,Exercise,,30,107,0.90,0.91,15.8,5.4,32.7,1.40,23,59
0:15:55.940,Exercise,,30,100,0.90,0.90,15.6,5.5,32.0,1.36,23,61
0:15:58.840,Exercise,,30,91,0.91,0.88,15.6,5.5,31.1,1.51,21,60
0:16:02.160,Exercise,,30,101,0.89,0.91,15.6,5.5,30.1,1.66,18,61
0:16:05.300,Exercise,,30,103,0.84,0.83,15.7,5.5,29.9,1.57,19,60
0:16:07.900,Exercise,,30,99,0.91,0.90,15.6,5.5,32.0,1.39,23,59
0:16:10.640,Exercise,,30,103,0.80,0.77,15.5,5.5,28.1,1.29,22,61
0:16:14.060,Exercise,,30,100,0.89,0.87,15.4,5.6,29.8,1.70,18,61
0:16:18.360,Exercise,,30,96,0.84,0.85,15.5,5.6,27.5,1.97,14,60
0:16:21.080,Exercise,,30,103,0.89,0.88,15.5,5.5,30.3,1.38,22,62
0:16:23.360,Exercise,,30,109,0.89,0.87,15.6,5.4,31.8,1.21,26,61
0:16:25.480,Exercise,,80,107,0.90,0.87,15.5,5.4,32.4,1.14,28,62
0:16:28.280,Exercise,,80,106,0.96,0.95,15.5,5.5,32.6,1.52,21,58
0:16:31.120,Exercise,,80,104,0.94,0.95,15.6,5.5,32.7,1.55,21,61
0:16:33.580,Exercise,,80,109,0.91,0.90,15.7,5.4,32.7,1.34,24,59
0:16:36.140,Exercise,,80,112,0.92,0.91,15.5,5.5,32.2,1.38,23,59
0:16:41.180,Exercise,,80,107,0.96,1.06,16.0,5.5,34.0,2.86,12,60
0:16:43.880,Exercise,,80,112,0.84,0.87,15.8,5.5,31.1,1.40,22,61
0:16:46.020,Exercise,,80,106,0.88,0.87,15.6,5.5,31.8,1.13,28,57
0:16:48.040,Exercise,,80,106,0.88,0.83,15.3,5.5,30.4,1.03,30,57
0:16:50.100,Exercise,,80,110,1.01,0.95,15.4,5.4,34.3,1.18,29,61
0:16:52.440,Exercise,,80,114,1.18,1.09,15.2,5.6,37.4,1.46,26,60
0:16:54.800,Exercise,,80,110,1.12,1.05,15.3,5.5,36.2,1.42,25,59
0:16:58.920,Exercise,,80,112,1.00,1.00,15.4,5.6,30.9,2.12,15,60
0:17:01.840,Exercise,,80,114,1.02,0.95,15.0,5.8,31.1,1.51,21,61
0:17:06.660,Exercise,,80,110,0.95,0.92,15.0,5.8,27.6,2.22,12,60
0:17:10.660,Exercise,,80,110,0.97,0.89,14.5,6.1,26.1,1.74,15,59
0:17:14.840,Exercise,,80,114,0.99,0.89,14.3,6.1,26.0,1.81,14,61
0:17:17.400,Exercise,,80,117,1.15,0.96,14.1,6.1,31.0,1.32,23,61
0:17:22.380,Exercise,,80,109,1.01,0.92,14.5,6.0,26.4,2.19,12,62
0:17:25.900,Exercise,,80,112,1.18,1.04,14.4,6.0,30.8,1.81,17,61
0:17:28.860,Exercise,,80,114,1.17,1.00,14.2,6.0,30.3,1.50,20,58
0:17:32.080,Exercise,,80,119,1.28,1.10,14.1,6.1,32.0,1.72,19,58
0:17:36.120,Exercise,,80,114,1.33,1.22,14.6,5.9,35.3,2.38,15,61
0:17:39.180,Exercise,,80,112,1.27,1.13,14.6,5.9,35.5,1.81,20,61
0:17:41.920,Exercise,,80,114,1.09,0.96,14.7,5.8,32.1,1.47,22,61
0:17:44.340,Exercise,,80,115,1.13,0.97,14.7,5.7,34.4,1.39,25,59
0:17:47.140,Exercise,,80,112,1.15,1.01,14.6,5.8,33.9,1.58,21,59
0:17:49.500,Exercise,,80,104,1.16,1.00,14.7,5.7,35.0,1.38,25,60
0:17:52.080,Exercise,,80,110,1.21,1.06,14.8,5.7,35.7,1.53,23,59
0:17:55.980,Exercise,,80,114,1.04,0.97,14.9,5.8,30.0,1.95,15,58
0:18:00.760,Exercise,,80,106,1.11,1.05,14.8,5.9,30.4,2.42,13,59
0:18:03.320,Exercise,,80,110,1.24,1.10,14.5,5.9,35.5,1.52,23,59
0:18:07.720,Exercise,,80,114,1.22,1.13,14.5,6.1,32.5,2.39,14,62
0:18:12.160,Exercise,,80,107,1.21,1.12,14.6,6.0,32.6,2.41,14,61
0:18:16.420,Exercise,,80,115,1.12,1.03,14.6,6.0,29.9,2.12,14,63
0:18:20.460,Exercise,,80,112,1.32,1.21,14.4,6.1,34.7,2.34,15,60
0:18:24.960,Exercise,,80,115,1.07,0.99,14.4,6.1,29.8,2.23,13,61
0:18:28.160,Exercise,,80,121,1.51,1.36,14.6,5.9,40.7,2.17,19,60
0:18:32.380,Exercise,,80,110,1.21,1.13,14.7,6.0,33.1,2.33,14,61
0:18:35.020,Exercise,,80,114,1.26,1.12,14.7,5.9,36.4,1.60,23,60
0:18:38.100,Exercise,,80,119,1.01,0.87,14.6,5.9,29.6,1.52,19,60
0:18:42.060,Exercise,,80,112,1.26,1.12,14.3,6.1,33.0,2.18,15,60
0:18:45.880,Exercise,,80,112,1.49,1.37,14.7,6.0,40.6,2.59,16,60
0:18:50.080,Exercise,,80,114,1.22,1.17,15.1,5.8,35.1,2.46,14,58
0:18:53.840,Exercise,,80,106,1.28,1.22,14.9,5.9,37.0,2.32,16,60
0:18:57.640,Exercise,,80,115,1.15,1.07,14.7,6.0,33.2,2.10,16,61
0:19:01.440,Exercise,,80,104,1.24,1.17,14.9,5.9,35.2,2.23,16,61
0:19:04.260,Exercise,,80,104,1.21,1.11,15.0,5.7,37.2,1.75,21,61
0:19:08.560,Exercise,,80,110,1.28,1.25,15.1,5.8,38.9,2.79,14,58
0:19:11.380,Exercise,,80,115,1.06,0.98,15.1,5.7,32.8,1.54,21,61
0:19:14.800,Exercise,,80,117,1.16,1.06,14.7,6.0,33.0,1.88,18,63
0:19:17.380,Exercise,,80,110,1.30,1.15,14.7,5.9,38.4,1.65,23,58
0:19:20.000,Exercise,,80,115,1.16,1.01,14.8,5.7,34.3,1.50,23,60
0:19:23.760,Exercise,,80,110,1.27,1.18,14.9,5.8,37.1,2.33,16,60
0:19:27.520,Exercise,,80,107,1.07,1.02,14.8,5.9,30.9,1.94,16,59
0:19:32.100,Exercise,,80,112,1.07,1.01,14.5,6.2,28.6,2.19,13,59
0:19:35.100,Exercise,,80,109,1.24,1.08,13.9,6.4,31.8,1.59,20,60
0:19:39.300,Exercise,,80,112,1.01,0.89,14.2,6.2,25.8,1.81,14,60
0:19:42.240,Exercise,,80,109,1.16,0.97,14.1,6.1,30.4,1.49,20,59
0:19:45.080,Exercise,,80,114,1.38,1.15,14.4,5.9,36.1,1.71,21,59
0:19:47.960,Exercise,,110,119,1.42,1.24,14.7,5.7,39.8,1.91,21,65
0:19:50.100,Exercise,,110,121,1.25,1.08,14.7,5.7,36.9,1.32,28,61
0:19:52.320,Exercise,,110,121,1.33,1.14,14.3,5.9,37.3,1.38,27,64
0:19:57.220,Exercise,,110,125,1.10,1.03,14.1,6.3,30.0,2.46,12,66
0:20:01.220,Exercise,,110,125,1.25,1.12,14.1,6.3,31.3,2.08,15,64
0:20:05.320,Exercise,,110,107,1.30,1.15,14.0,6.3,32.5,2.22,15,64
0:20:09.180,Exercise,,110,117,1.36,1.19,14.0,6.3,34.2,2.20,16,65
0:20:13.200,Exercise,,110,117,1.46,1.31,13.9,6.3,35.5,2.38,15,64
0:20:16.640,Exercise,,110,115,1.42,1.27,14.4,6.0,37.1,2.13,17,61
0:20:19.720,Exercise,,110,117,1.30,1.15,14.2,6.1,33.9,1.74,19,59
0:20:22.300,Exercise,,110,117,1.03,0.87,14.1,6.1,29.0,1.25,23,66
0:20:25.320,Exercise,,110,119,1.56,1.34,14.0,6.2,38.7,1.95,20,65
0:20:27.720,Exercise,,110,119,1.39,1.16,14.0,6.1,37.2,1.49,25,67
0:20:30.880,Exercise,,110,125,1.41,1.22,13.9,6.2,35.3,1.86,19,71
0:20:33.800,Exercise,,110,121,1.36,1.17,14.0,6.1,35.7,1.74,21,73
0:20:36.240,Exercise,,110,121,1.41,1.20,14.0,6.1,37.9,1.54,25,73
0:20:38.720,Exercise,,110,125,1.41,1.21,14.1,6.0,38.4,1.59,24,73
0:20:42.540,Exercise,,110,127,1.18,1.04,14.1,6.2,30.4,1.94,16,72
0:20:46.300,Exercise,,110,119,1.55,1.34,13.6,6.5,35.3,2.21,16,73
0:20:49.520,Exercise,,110,125,1.75,1.52,13.6,6.5,40.3,2.16,19,72
0:20:52.020,Exercise,,110,123,1.84,1.56,13.7,6.3,45.1,1.88,24,74
0:20:56.280,Exercise,,110,119,1.46,1.34,14.3,6.1,37.2,2.64,14,72
0:20:59.820,Exercise,,110,125,1.64,1.49,14.0,6.4,40.2,2.37,17,75
0:21:03.740,Exercise,,110,121,1.46,1.32,13.9,6.4,35.9,2.35,15,77
0:21:07.740,Exercise,,110,125,1.78,1.64,14.0,6.4,43.8,2.92,15,75
0:21:11.880,Exercise,,110,125,1.47,1.36,14.1,6.4,36.9,2.55,14,75
0:21:16.080,Exercise,,110,123,1.65,1.53,14.0,6.5,39.5,2.76,14,79
0:21:19.720,Exercise,,110,125,1.96,1.82,14.3,6.2,49.3,2.99,16,78
0:21:23.560,Exercise,,110,119,1.66,1.60,14.6,6.2,44.0,2.82,16,79
0:21:27.080,Exercise,,110,121,1.69,1.62,14.7,6.1,45.5,2.67,17,79
0:21:30.480,Exercise,,110,125,1.60,1.57,14.8,6.1,43.8,2.48,18,78
0:21:34.140,Exercise,,110,121,1.66,1.62,14.5,6.3,44.4,2.71,16,77
0:21:37.440,Exercise,,110,121,1.63,1.58,15.0,6.0,47.6,2.62,18,76
0:21:40.120,Exercise,,110,125,1.62,1.57,15.0,5.9,46.4,2.07,22,77
0:21:42.400,Exercise,,110,125,1.54,1.47,15.0,5.8,46.4,1.76,26,77
0:21:45.620,Exercise,,110,123,1.60,1.55,14.6,6.2,44.2,2.37,19,77
0:21:48.200,Exercise,,110,125,1.52,1.42,14.7,6.1,43.5,1.87,23,77
0:21:51.840,Exercise,,110,127,1.33,1.26,14.2,6.5,36.2,2.20,16,79
0:21:55.100,Exercise,,110,125,1.53,1.45,14.7,6.0,41.8,2.27,18,74
0:21:57.340,Exercise,,110,127,1.71,1.56,14.3,6.3,47.1,1.76,27,74
0:22:00.980,Exercise,,110,125,1.41,1.32,14.3,6.3,36.3,2.21,16,74
0:22:03.660,Exercise,,110,123,1.56,1.42,14.3,6.3,41.5,1.85,22,75
0:22:08.260,Exercise,,110,123,1.61,1.55,14.3,6.4,42.0,3.22,13,76
0:22:11.320,Exercise,,110,121,1.52,1.39,14.0,6.4,38.4,1.96,20,74
0:22:15.540,Exercise,,110,119,1.50,1.41,14.0,6.5,35.9,2.53,14,76
0:22:19.360,Exercise,,110,125,1.45,1.35,14.0,6.5,36.1,2.30,16,75
0:22:23.660,Exercise,,110,121,1.58,1.45,13.6,6.8,36.1,2.59,14,74
0:22:28.480,Exercise,,110,125,1.37,1.25,13.7,6.7,31.4,2.53,12,75
0:22:32.440,Exercise,,110,123,1.24,1.11,13.8,6.5,29.9,1.97,15,76
0:22:35.680,Exercise,,110,125,1.31,1.15,13.9,6.4,32.3,1.74,19,75
0:22:37.960,Exercise,,110,127,1.84,1.59,13.9,6.3,45.9,1.74,26,77
0:22:41.600,Exercise,,110,127,1.43,1.25,13.5,6.7,32.9,1.99,16,76
0:22:44.960,Exercise,,110,127,1.95,1.69,13.5,6.6,43.3,2.43,18,77
0:22:48.380,Exercise,,140,129,1.72,1.52,13.8,6.5,39.8,2.27,18,75
0:22:52.080,Exercise,,140,125,1.82,1.64,13.7,6.6,41.6,2.57,16,73
0:22:55.140,Exercise,,140,125,2.37,2.16,14.4,6.2,59.6,3.04,20,74
0:22:58.260,Exercise,,140,129,1.86,1.83,15.1,5.9,53.9,2.80,19,70
0:23:00.780,Exercise,,140,129,1.77,1.74,14.9,6.0,52.8,2.22,24,74
0:23:04.120,Exercise,,140,127,1.67,1.66,14.7,6.2,44.3,2.47,18,76
0:23:07.880,Exercise,,140,129,1.72,1.68,14.4,6.5,43.7,2.74,16,76
0:23:11.420,Exercise,,140,132,1.20,1.16,14.9,6.1,35.7,2.11,17,75
0:23:14.040,Exercise,,140,132,2.42,2.26,14.3,6.3,60.3,2.63,23,75
0:23:16.900,Exercise,,140,132,2.01,1.92,14.6,6.2,54.6,2.60,21,75
0:23:19.860,Exercise,,140,132,1.52,1.47,14.8,6.1,42.5,2.10,20,75
0:23:22.760,Exercise,,140,129,2.00,1.90,14.3,6.3,51.1,2.47,21,74
0:23:25.660,Exercise,,140,129,1.87,1.80,15.0,6.0,52.2,2.53,21,74
0:23:29.160,Exercise,,140,132,1.70,1.68,14.6,6.4,45.2,2.64,17,74
0:23:32.040,Exercise,,140,134,1.87,1.82,14.7,6.2,51.0,2.45,21,76
0:23:34.900,Exercise,,140,132,1.99,1.95,15.1,5.9,56.2,2.68,21,76
0:23:38.000,Exercise,,140,129,1.87,1.88,15.0,6.1,53.9,2.79,19,76
0:23:41.100,Exercise,,140,132,1.85,1.87,15.0,6.0,52.2,2.70,19,75
0:23:45.020,Exercise,,140,134,1.41,1.41,14.0,6.8,39.0,2.55,15,76
0:23:48.040,Exercise,,140,136,2.17,2.10,14.7,6.2,57.6,2.90,20,75
0:23:51.220,Exercise,,140,136,1.93,1.89,14.7,6.2,51.2,2.72,19,75
0:23:54.200,Exercise,,140,134,1.91,1.86,14.7,6.2,52.1,2.59,20,77
0:23:57.360,Exercise,,140,134,1.49,1.48,15.1,6.0,42.4,2.23,19,78
0:23:59.540,Exercise,,140,136,1.90,1.80,14.6,6.2,51.5,1.87,28,78
0:24:01.880,Exercise,,140,136,1.74,1.63,14.7,6.1,46.9,1.83,26,78
0:24:05.400,Exercise,,140,134,1.62,1.57,14.4,6.5,42.3,2.48,17,78
0:24:08.840,Exercise,,140,134,1.48,1.42,14.7,6.2,41.1,2.36,17,76
0:24:11.540,Exercise,,140,136,2.46,2.27,14.1,6.5,59.1,2.66,22,78
0:24:14.520,Exercise,,140,136,1.89,1.78,14.7,6.1,51.2,2.54,20,76
0:24:17.080,Exercise,,140,136,2.10,1.99,14.7,6.0,57.1,2.44,23,76
0:24:19.000,Exercise,,140,136,1.46,1.37,15.4,5.4,47.6,1.52,31,80
0:24:20.720,Exercise,,140,134,1.75,1.66,15.3,5.6,56.1,1.61,35,80
0:24:22.700,Exercise,,140,134,2.29,2.16,14.8,6.1,63.2,2.09,30,78
0:24:25.420,Exercise,,140,134,2.14,2.10,15.0,6.0,60.6,2.75,22,75
0:24:27.740,Exercise,,140,132,2.17,2.12,15.1,5.9,62.2,2.41,26,74
0:24:30.300,Exercise,,140,132,2.09,2.07,15.2,5.9,61.3,2.62,23,74
0:24:32.360,Exercise,,140,132,1.82,1.74,15.1,5.9,54.4,1.87,29,74
0:24:35.520,Exercise,,140,132,1.67,1.65,14.9,6.1,48.4,2.55,19,75
0:24:38.720,Exercise,,140,134,2.05,2.00,14.7,6.2,53.0,2.83,19,75
0:24:41.100,Exercise,,140,132,2.12,2.08,15.3,5.7,64.9,2.58,25,74
0:24:43.260,Exercise,,140,129,1.94,1.92,15.6,5.5,62.6,2.26,28,74
0:24:45.660,Exercise,,140,132,1.83,1.84,15.5,5.6,57.3,2.29,25,74
0:24:47.580,Exercise,,140,134,1.71,1.68,15.4,5.6,55.7,1.78,31,73
0:24:49.840,Exercise,,140,134,1.69,1.65,15.0,5.9,51.6,1.94,27,76
0:24:52.600,Exercise,,140,134,1.54,1.45,14.5,6.2,42.3,1.95,22,77
0:24:55.940,Exercise,,140,134,1.57,1.46,14.1,6.4,39.6,2.20,18,76
0:24:59.040,Exercise,,140,134,1.88,1.70,13.9,6.5,45.0,2.32,19,77
0:25:01.680,Exercise,,140,134,1.49,1.31,14.1,6.3,38.6,1.70,23,75
0:25:05.620,Exercise,,140,134,1.07,0.97,14.3,6.3,28.1,1.84,15,78
0:25:08.220,Exercise,,140,136,2.99,2.58,13.3,6.8,63.2,2.74,23,79
0:25:11.280,Exercise,,140,132,2.18,1.95,14.1,6.3,53.3,2.72,20,79
0:25:14.760,Exercise,,140,132,2.14,1.99,14.3,6.4,53.2,3.08,17,78
0:25:17.940,Exercise,,140,134,1.67,1.58,14.6,6.2,46.1,2.44,19,78
0:25:21.300,Exercise,,140,134,1.49,1.38,14.2,6.4,37.6,2.10,18,79
0:25:24.240,Exercise,,140,134,1.57,1.40,14.0,6.5,39.0,1.91,20,79
0:25:27.580,Exercise,,140,134,1.99,1.78,13.3,6.9,43.6,2.43,18,77
0:25:31.640,Exercise,,140,134,1.42,1.26,13.4,6.8,32.1,2.17,15,78
0:25:34.780,Exercise,,140,136,1.54,1.35,13.4,6.8,35.5,1.86,19,79
0:25:38.140,Exercise,,140,134,1.76,1.52,13.2,6.8,37.5,2.10,18,78
0:25:41.100,Exercise,,140,134,2.86,2.54,13.9,6.4,66.9,3.30,20,78
0:25:43.040,Exercise,,140,136,1.67,1.47,14.6,5.9,48.5,1.57,31,73
0:25:46.180,Exercise,,170,139,1.68,1.50,13.6,6.6,40.0,2.09,19,77
0:25:49.140,Exercise,,170,139,2.03,1.78,13.8,6.5,47.4,2.34,20,78
0:25:51.200,Exercise,,170,139,1.96,1.73,14.3,6.2,51.9,1.78,29,78
0:25:53.720,Exercise,,170,142,2.11,1.87,13.8,6.6,51.1,2.15,24,68
0:25:56.540,Exercise,,170,139,2.64,2.44,14.3,6.3,65.5,3.08,21,74
0:25:59.400,Exercise,,170,139,2.32,2.22,14.6,6.2,60.7,2.89,21,74
0:26:02.420,Exercise,,170,139,2.24,2.20,14.5,6.4,59.8,3.01,20,73
0:26:05.820,Exercise,,170,142,1.86,1.86,14.5,6.4,49.0,2.78,18,73
0:26:09.260,Exercise,,170,142,1.86,1.79,14.1,6.7,45.6,2.62,17,75
0:26:12.060,Exercise,,170,142,2.03,1.89,14.1,6.4,52.1,2.43,21,73
0:26:15.400,Exercise,,170,142,1.10,1.04,14.9,6.0,32.8,1.82,18,73
0:26:18.300,Exercise,,170,142,2.96,2.70,13.4,7.0,61.7,2.98,21,73
0:26:21.020,Exercise,,170,139,2.49,2.30,14.3,6.3,62.3,2.83,22,73
0:26:24.000,Exercise,,170,142,2.01,1.95,14.6,6.3,54.2,2.69,20,71
0:26:26.820,Exercise,,170,139,0.75,0.73,15.5,5.6,27.0,1.27,21,70
0:26:29.000,Exercise,,170,139,2.43,2.28,13.8,6.8,57.3,2.08,28,73
0:26:31.840,Exercise,,170,139,2.70,2.47,13.5,6.9,61.0,2.89,21,73
0:26:34.760,Exercise,,170,142,2.18,1.99,14.1,6.5,53.7,2.61,21,75
0:26:37.460,Exercise,,170,144,2.14,2.00,14.4,6.4,56.9,2.56,22,74
0:26:40.420,Exercise,,170,142,1.77,1.64,14.2,6.5,45.6,2.25,20,73
0:26:42.940,Exercise,,170,144,2.81,2.59,14.1,6.5,68.9,2.90,24,72
0:26:45.820,Exercise,,170,144,2.36,2.28,14.8,6.2,63.6,3.06,21,72
0:26:48.200,Exercise,,170,144,2.23,2.17,14.9,6.1,62.2,2.47,25,72
0:26:51.020,Exercise,,170,142,2.16,2.13,14.7,6.3,59.0,2.78,21,74
0:26:53.340,Exercise,,170,142,1.17,1.12,15.5,5.6,38.4,1.49,26,74
0:26:55.200,Exercise,,170,144,2.52,2.38,14.4,6.5,68.0,2.11,32,79
0:26:57.380,Exercise,,170,142,2.65,2.47,14.4,6.4,70.8,2.57,28,79
0:26:59.880,Exercise,,170,144,2.09,1.99,14.8,6.2,58.7,2.45,24,77
0:27:02.580,Exercise,,170,144,1.82,1.68,14.2,6.6,43.7,1.97,22,78
0:27:05.140,Exercise,,170,144,2.52,2.33,14.4,6.3,64.6,2.76,23,75
0:27:07.860,Exercise,,170,144,2.33,2.21,14.7,6.2,61.3,2.78,22,73
0:27:10.020,Exercise,,170,144,2.44,2.34,15.2,5.9,69.7,2.51,28,70
0:27:12.580,Exercise,,170,144,2.13,2.11,15.1,6.1,61.2,2.61,23,73
0:27:15.180,Exercise,,170,144,2.20,2.19,14.9,6.2,61.2,2.65,23,73
0:27:17.960,Exercise,,170,142,2.19,2.16,14.7,6.4,58.6,2.72,22,71
0:27:21.200,Exercise,,170,142,2.35,2.37,14.9,6.3,67.1,3.63,19,73
0:27:24.120,Exercise,,170,142,2.17,2.18,14.9,6.3,60.3,2.94,21,74
0:27:26.860,Exercise,,170,142,2.11,2.10,14.9,6.2,59.5,2.72,22,71
0:27:29.540,Exercise,,170,144,1.97,1.95,14.9,6.2,55.6,2.49,22,75
0:27:32.240,Exercise,,170,147,2.30,2.33,14.9,6.3,64.1,2.89,22,74
0:27:34.060,Exercise,,170,144,2.22,2.17,14.9,6.1,63.7,1.93,33,76
0:27:36.520,Exercise,,170,144,2.37,2.39,15.0,6.1,66.5,2.73,24,76
0:27:39.260,Exercise,,170,144,1.90,1.92,14.9,6.2,52.9,2.42,22,75
0:27:41.820,Exercise,,170,147,2.15,2.12,14.7,6.3,58.2,2.48,23,76
0:27:43.900,Exercise,,170,147,2.48,2.45,15.0,6.0,72.2,2.50,29,73
0:27:46.140,Exercise,,170,144,2.35,2.38,15.3,5.8,72.2,2.70,27,73
0:27:48.440,Exercise,,170,147,1.89,1.93,15.5,5.8,60.9,2.33,26,73
0:27:51.600,Exercise,,170,144,2.12,2.12,14.5,6.4,51.6,2.72,19,74
0:27:54.040,Exercise,,170,144,2.58,2.59,15.1,6.0,73.3,2.98,25,73
0:27:56.700,Exercise,,170,144,2.30,2.35,15.2,6.0,67.4,2.99,23,74
0:27:59.240,Exercise,,170,144,2.15,2.22,15.3,5.9,64.4,2.73,24,73
0:28:01.120,Exercise,,170,142,2.24,2.31,15.7,5.6,74.3,2.33,32,70
0:28:03.180,Exercise,,170,144,2.21,2.27,15.4,5.8,69.7,2.39,29,70
0:28:05.720,Exercise,,170,144,2.00,2.03,15.0,6.2,55.4,2.35,24,74
0:28:07.940,Exercise,,170,144,2.45,2.48,15.3,5.9,74.3,2.75,27,76
0:28:10.740,Exercise,,170,144,1.87,1.92,15.1,6.1,57.0,2.66,21,72
0:28:13.620,Exercise,,170,147,2.36,2.39,15.0,6.1,66.2,3.18,21,71
0:28:15.700,Exercise,,170,147,2.23,2.26,15.4,5.8,70.0,2.43,29,71
0:28:18.540,Exercise,,170,144,2.11,2.16,15.0,6.1,60.5,2.86,21,74
0:28:21.040,Exercise,,170,147,2.16,2.15,15.0,6.1,63.4,2.64,24,75
0:28:23.500,Exercise,,170,147,1.88,1.87,15.0,6.1,54.3,2.23,24,76
0:28:26.540,Exercise,,170,147,1.70,1.64,14.3,6.6,44.0,2.23,20,78
0:28:29.020,Exercise,,170,147,2.05,1.92,14.2,6.5,54.1,2.24,24,77
0:28:32.000,Exercise,,170,147,1.88,1.75,14.1,6.5,45.8,2.28,20,78
0:28:34.420,Exercise,,170,147,2.01,1.81,14.2,6.4,51.0,2.06,25,75
0:28:37.420,Exercise,,170,147,2.16,1.96,13.8,6.8,48.7,2.43,20,75
0:28:40.120,Exercise,,170,144,2.18,1.96,14.1,6.5,53.2,2.39,22,77
0:28:42.780,Exercise,,170,144,2.03,1.86,14.1,6.6,50.5,2.24,23,75
0:28:44.900,Exercise,,170,147,3.00,2.75,14.4,6.3,75.1,2.65,28,75
0:28:47.000,Exercise,,200,147,1.60,1.51,15.3,5.7,50.6,1.77,29,76
0:28:49.180,Exercise,,200,150,2.76,2.63,14.3,6.4,69.0,2.51,28,79
0:28:51.740,Exercise,,200,150,2.47,2.36,14.6,6.3,63.2,2.70,23,77
0:28:54.520,Exercise,,200,150,2.46,2.40,14.9,6.2,66.9,3.10,22,75
0:28:57.060,Exercise,,200,147,2.41,2.33,14.8,6.3,65.6,2.78,24,75
0:29:00.100,Exercise,,200,150,2.14,2.09,14.6,6.4,56.8,2.88,20,77
0:29:02.740,Exercise,,200,150,2.29,2.19,14.7,6.3,61.6,2.71,23,75
0:29:05.460,Exercise,,200,150,2.40,2.32,14.7,6.2,64.9,2.94,22,78
0:29:07.960,Exercise,,200,150,2.48,2.41,14.8,6.2,68.6,2.86,24,74
0:29:10.400,Exercise,,200,150,2.60,2.57,15.2,5.9,76.9,3.13,25,73
0:29:12.600,Exercise,,200,150,2.39,2.38,15.3,5.9,71.6,2.63,27,77
0:29:15.440,Exercise,,200,150,2.06,2.03,14.6,6.5,54.7,2.59,21,74
0:29:18.340,Exercise,,200,153,2.63,2.60,14.8,6.3,73.5,3.55,21,73
0:29:20.900,Exercise,,200,150,2.49,2.53,15.0,6.2,70.9,3.02,23,73
0:29:23.080,Exercise,,200,156,2.55,2.60,15.4,5.8,78.0,2.84,28,76
0:29:25.600,Exercise,,200,153,2.20,2.23,15.1,6.1,63.3,2.66,24,77
0:29:28.060,Exercise,,200,156,2.39,2.41,14.9,6.2,66.5,2.73,24,77
0:29:30.540,Exercise,,200,153,1.65,1.65,14.9,6.2,45.5,1.88,24,80
0:29:32.440,Exercise,,200,153,1.57,1.53,15.1,6.0,49.3,1.56,32,80
0:29:33.880,Exercise,,200,153,2.37,2.18,14.5,6.3,64.4,1.55,42,79
0:29:36.300,Exercise,,200,156,2.95,2.75,14.3,6.5,72.6,2.93,25,79
0:29:38.900,Exercise,,200,156,2.61,2.44,14.4,6.4,65.6,2.84,23,77
0:29:41.200,Exercise,,200,156,2.49,2.43,15.0,6.0,71.6,2.75,26,76
0:29:43.440,Exercise,,200,156,2.38,2.32,14.8,6.2,66.8,2.49,27,75
0:29:45.980,Exercise,,200,153,2.55,2.51,14.7,6.3,68.4,2.89,24,77
0:29:48.440,Exercise,,200,156,2.63,2.63,14.9,6.2,74.0,3.03,24,80
0:29:51.020,Exercise,,200,153,2.21,2.25,15.0,6.2,65.0,2.80,23,80
0:29:53.560,Exercise,,200,153,2.18,2.13,14.2,6.7,53.3,2.26,24,79
0:29:56.720,Exercise,,200,153,2.35,2.35,14.5,6.5,63.3,3.33,19,78
0:29:59.240,Exercise,,200,156,2.77,2.71,14.5,6.4,72.2,3.03,24,77
0:30:01.580,Exercise,,200,153,2.85,2.82,14.8,6.2,79.8,3.11,26,76
0:30:03.880,Exercise,,200,153,2.47,2.50,15.1,6.0,74.0,2.84,26,77
0:30:06.320,Exercise,,200,156,2.36,2.39,15.0,6.2,68.5,2.79,25,77
0:30:08.620,Exercise,,200,156,2.52,2.56,15.1,6.1,74.5,2.86,26,77
0:30:10.880,Exercise,,200,160,2.45,2.48,15.0,6.1,71.7,2.70,27,75
0:30:13.160,Exercise,,200,160,2.59,2.63,15.1,6.1,76.4,2.90,26,76
0:30:14.960,Exercise,,200,156,2.57,2.56,15.1,6.0,76.8,2.31,33,76
0:30:17.580,Exercise,,200,160,2.59,2.68,15.1,6.1,75.3,3.29,23,79
0:30:20.320,Exercise,,200,156,2.37,2.41,14.8,6.4,64.1,2.93,22,79
0:30:22.640,Exercise,,200,160,2.53,2.56,15.1,6.0,74.3,2.87,26,76
0:30:25.620,Exercise,,200,156,2.31,2.36,14.6,6.5,63.1,3.13,20,78
0:30:28.320,Exercise,,200,160,2.44,2.38,14.8,6.3,66.9,3.01,22,79
0:30:30.580,Exercise,,200,156,2.36,2.37,15.0,6.1,69.4,2.61,27,79
0:30:33.040,Exercise,,200,160,2.52,2.46,14.7,6.3,68.7,2.82,24,78
0:30:35.580,Exercise,,200,160,2.53,2.46,14.9,6.2,69.8,2.95,24,80
0:30:37.880,Exercise,,200,156,2.49,2.44,15.1,6.1,71.8,2.75,26,77
0:30:40.260,Exercise,,200,156,2.80,2.73,15.0,6.1,78.4,3.11,25,73
0:30:43.040,Exercise,,200,156,2.08,1.99,14.6,6.4,57.1,2.64,22,77
0:30:45.660,Exercise,,200,156,2.38,2.34,14.8,6.3,64.9,2.83,23,77
0:30:48.160,Exercise,,200,160,2.45,2.41,14.7,6.3,66.8,2.78,24,76
0:30:50.740,Exercise,,200,160,2.44,2.40,14.7,6.4,66.6,2.87,23,77
0:30:53.040,Exercise,,200,160,2.62,2.56,14.8,6.2,70.0,2.69,26,79
0:30:55.260,Exercise,,200,160,2.69,2.65,14.9,6.2,74.1,2.74,27,79
0:30:57.720,Exercise,,200,160,2.62,2.61,14.9,6.2,71.1,2.92,24,79
0:31:00.020,Exercise,,200,160,2.64,2.62,14.9,6.2,74.7,2.86,26,77
0:31:02.500,Exercise,,200,160,2.64,2.66,15.0,6.2,74.3,3.07,24,78
0:31:05.440,Exercise,,200,160,2.69,2.73,14.8,6.3,75.2,3.69,20,78
0:31:08.240,Exercise,,200,156,2.58,2.64,15.0,6.2,75.0,3.50,21,76
0:31:10.860,Exercise,,200,156,2.45,2.51,15.2,6.1,69.7,3.04,23,76
0:31:13.660,Exercise,,200,160,2.22,2.24,14.9,6.3,61.2,2.86,21,77
0:31:15.820,Exercise,,200,160,2.81,2.80,15.0,6.2,79.2,2.85,28,77
0:31:18.240,Exercise,,200,160,2.54,2.56,15.1,6.1,73.7,2.97,25,75
0:31:20.660,Exercise,,200,156,2.50,2.52,15.0,6.2,70.8,2.86,25,76
0:31:22.840,Exercise,,200,160,2.44,2.45,15.2,5.9,72.7,2.64,28,76
0:31:25.180,Exercise,,200,160,2.50,2.49,14.9,6.3,71.1,2.77,26,74
0:31:27.840,Exercise,,200,160,2.26,2.23,14.3,6.6,59.7,2.65,23,74
0:31:30.580,Exercise,,200,160,2.49,2.40,14.5,6.5,63.3,2.89,22,74
0:31:32.940,Exercise,,200,160,2.32,2.24,14.7,6.3,62.7,2.47,25,75
0:31:35.320,Exercise,,200,160,2.75,2.66,14.4,6.5,73.3,2.91,25,74
0:31:37.900,Exercise,,200,160,2.30,2.24,14.6,6.3,61.7,2.66,23,76
0:31:40.500,Exercise,,200,156,2.38,2.30,14.5,6.5,63.1,2.74,23,74
0:31:43.240,Exercise,,200,160,2.43,2.33,14.1,6.7,59.8,2.73,22,75
0:31:45.360,Exercise,,230,160,2.80,2.66,14.6,6.3,72.9,2.58,28,75
0:31:47.400,Exercise,,230,160,3.03,2.94,14.8,6.1,82.4,2.80,29,75
0:31:49.600,Exercise,,230,160,2.10,2.05,14.9,6.1,59.1,2.17,27,76
0:31:51.780,Exercise,,230,160,2.69,2.60,14.7,6.2,72.6,2.64,28,70
0:31:53.580,Exercise,,230,160,2.69,2.61,15.0,5.9,77.9,2.34,33,70
0:31:55.940,Exercise,,230,160,2.80,2.79,14.8,6.2,77.8,3.06,25,74
0:31:58.620,Exercise,,230,163,2.07,2.03,14.4,6.4,50.8,2.27,22,75
0:32:00.880,Exercise,,230,160,3.00,2.92,14.8,6.2,84.4,3.18,27,79
0:32:03.380,Exercise,,230,163,2.84,2.84,14.9,6.1,82.7,3.45,24,78
0:32:05.760,Exercise,,230,163,2.82,2.83,15.1,6.0,83.7,3.32,25,78
0:32:07.760,Exercise,,230,163,2.64,2.64,15.2,5.9,78.3,2.61,30,78
0:32:10.260,Exercise,,230,163,2.66,2.69,15.0,6.2,73.4,3.06,24,74
0:32:12.400,Exercise,,230,163,2.91,2.95,15.2,6.0,86.8,3.10,28,75
0:32:14.500,Exercise,,230,163,2.79,2.87,15.3,5.9,86.7,3.03,29,75
0:32:17.180,Exercise,,230,163,2.66,2.74,15.3,6.0,81.6,3.65,22,75
0:32:19.260,Exercise,,230,163,2.84,2.84,15.1,6.1,84.5,2.93,29,77
0:32:21.300,Exercise,,230,163,2.70,2.69,15.3,6.0,85.6,2.91,29,77
0:32:23.680,Exercise,,230,167,2.51,2.55,15.3,6.0,75.5,2.99,25,77
0:32:26.000,Exercise,,230,163,2.60,2.64,15.2,6.1,76.6,2.96,26,77
0:32:28.080,Exercise,,230,163,2.76,2.78,15.3,5.9,84.6,2.93,29,76
0:32:29.700,Exercise,,230,167,3.06,3.11,15.5,5.7,95.4,2.58,37,76
0:32:31.740,Exercise,,230,163,2.33,2.42,15.7,5.7,74.8,2.55,29,75
0:32:33.920,Exercise,,230,163,2.59,2.65,15.1,6.2,76.7,2.79,28,72
0:32:35.520,Exercise,,230,163,2.34,2.32,15.3,5.9,73.2,1.95,38,72
0:32:37.260,Exercise,,230,163,2.63,2.60,14.8,6.3,74.2,2.15,34,82
0:32:39.580,Exercise,,230,167,2.61,2.57,14.6,6.4,68.6,2.65,26,75
0:32:41.760,Exercise,,230,163,2.56,2.52,14.7,6.4,68.6,2.49,28,75
0:32:43.660,Exercise,,230,167,3.05,3.01,14.9,6.1,85.7,2.71,32,76
0:32:46.080,Exercise,,230,163,1.85,1.85,14.8,6.3,56.7,2.29,25,79
0:32:48.600,Exercise,,230,163,3.08,2.98,14.2,6.7,76.4,3.21,24,78
0:32:50.840,Exercise,,230,163,2.97,2.86,14.6,6.3,78.3,2.92,27,78
0:32:53.120,Exercise,,230,163,2.60,2.54,14.9,6.2,72.9,2.77,26,74
0:32:55.340,Exercise,,230,167,2.77,2.70,14.6,6.5,74.7,2.76,27,75
0:32:57.900,Exercise,,230,163,2.96,2.91,14.6,6.4,81.7,3.49,23,75
0:33:00.020,Exercise,,230,163,2.88,2.87,15.0,6.1,85.9,3.03,28,75
0:33:02.240,Exercise,,230,163,2.68,2.67,15.0,6.2,77.5,2.87,27,77
0:33:04.560,Exercise,,230,163,2.72,2.73,15.1,6.2,78.5,3.04,26,76
0:33:06.480,Exercise,,230,163,2.66,2.69,15.3,6.0,79.7,2.55,31,77
0:33:09.100,Exercise,,230,167,2.88,2.87,14.7,6.6,77.0,3.36,23,77
0:33:11.720,Exercise,,230,163,2.60,2.52,14.5,6.5,67.2,2.94,23,77
0:33:13.800,Exercise,,230,167,2.98,2.89,15.0,6.2,85.4,2.96,29,79
0:33:16.120,Exercise,,230,167,2.61,2.63,15.2,6.0,79.5,3.07,26,78
0:33:18.140,Exercise,,230,167,3.09,3.10,15.2,6.1,92.3,3.11,30,78
0:33:20.380,Exercise,,230,167,2.91,2.94,15.2,6.1,85.6,3.20,27,81
0:33:22.360,Exercise,,230,167,3.13,3.19,15.4,5.9,94.6,3.12,30,81
0:33:24.200,Exercise,,230,170,2.83,2.95,15.6,5.8,92.5,2.84,33,81
0:33:26.120,Exercise,,230,170,2.61,2.73,15.4,6.0,84.1,2.69,31,80
0:33:28.300,Exercise,,230,170,2.61,2.65,15.0,6.4,78.8,2.86,28,80
0:33:31.080,Exercise,,230,167,2.92,3.02,14.8,6.6,78.9,3.65,22,79
0:33:33.200,Exercise,,230,167,3.06,3.11,15.3,6.1,95.0,3.36,28,79
0:33:35.620,Exercise,,230,170,2.71,2.78,15.1,6.3,84.0,3.39,25,77
0:33:37.740,Exercise,,230,167,3.05,3.07,15.2,6.1,90.7,3.21,28,80
0:33:39.620,Exercise,,230,170,3.17,3.27,15.7,5.8,101.7,3.19,32,79
0:33:41.620,Exercise,,230,170,2.74,2.90,15.8,5.8,92.3,3.08,30,79
0:33:43.640,Exercise,,230,170,2.74,2.91,15.6,5.9,89.9,3.03,30,80
0:33:46.060,Exercise,,230,170,2.21,2.24,14.8,6.6,59.1,2.39,25,77
0:33:47.980,Exercise,,230,170,3.22,3.27,15.1,6.2,98.0,3.14,31,77
0:33:50.140,Exercise,,230,167,2.73,2.76,15.2,6.1,85.2,3.07,28,77
0:33:52.280,Exercise,,230,167,2.65,2.63,15.4,6.0,83.4,2.97,28,75
0:33:54.360,Exercise,,230,170,3.04,3.02,15.2,6.2,87.5,3.03,29,75
0:33:56.860,Exercise,,230,170,2.97,3.02,15.2,6.2,88.4,3.68,24,77
0:33:58.720,Exercise,,230,167,2.52,2.55,15.3,6.0,76.6,2.38,32,77
0:34:00.340,Exercise,,230,167,3.04,3.06,15.1,6.1,88.4,2.39,37,77
0:34:02.620,Exercise,,230,170,2.72,2.74,14.9,6.4,74.4,2.83,26,78
0:34:04.700,Exercise,,230,170,3.06,3.07,15.0,6.3,86.6,3.00,29,77
0:34:07.000,Exercise,,230,170,2.95,2.92,14.9,6.4,82.8,3.17,26,76
0:34:09.280,Exercise,,230,167,3.21,3.26,15.2,6.2,91.1,3.46,26,76
0:34:11.280,Exercise,,230,167,3.11,3.19,15.5,5.9,91.7,3.06,30,79
0:34:13.280,Exercise,,230,170,2.88,3.03,15.5,5.9,93.9,3.13,30,77
0:34:15.500,Exercise,,230,170,2.66,2.74,15.4,6.1,85.6,3.17,27,77
0:34:17.460,Exercise,,230,170,3.12,3.24,15.4,6.1,96.8,3.16,31,77
0:34:19.760,Exercise,,230,167,2.69,2.85,15.4,6.1,84.4,3.24,26,78
0:34:21.900,Exercise,,230,167,2.83,2.91,15.3,6.0,86.2,3.08,28,76
0:34:23.900,Exercise,,230,170,2.93,2.99,15.4,6.0,91.5,3.05,30,76
0:34:26.000,Exercise,,230,167,2.78,2.86,15.4,5.9,87.3,3.06,29,73
0:34:27.720,Exercise,,230,170,3.07,3.16,15.7,5.7,102.3,2.93,35,73
0:34:29.440,Exercise,,230,170,3.09,3.25,15.8,5.7,105.4,3.02,35,73
0:34:31.040,Exercise,,230,167,2.77,2.89,15.9,5.5,97.1,2.59,38,74
0:34:32.640,Exercise,,230,170,3.07,3.26,16.0,5.6,109.1,2.91,38,74
0:34:34.200,Exercise,,230,170,2.82,3.07,16.2,5.4,107.2,2.79,38,75
0:34:35.640,Exercise,,230,170,2.93,3.18,16.2,5.4,108.3,2.60,42,75
0:34:37.360,Exercise,,230,170,3.19,3.35,16.0,5.6,110.9,3.18,35,79
0:34:39.080,Exercise,,230,170,2.74,2.93,15.8,5.8,88.8,2.55,35,79
0:34:40.760,Exercise,,230,170,3.14,3.38,16.0,5.6,105.6,2.96,36,83
0:34:42.580,Exercise,,230,170,3.09,3.31,16.0,5.6,101.3,3.07,33,80
0:34:44.420,Exercise,,230,170,3.02,3.23,15.9,5.7,100.9,3.10,33,80
0:34:46.480,Exercise,,260,170,2.89,3.08,15.7,5.8,93.7,3.22,29,81
0:34:49.160,Exercise,,260,170,2.70,2.79,15.2,6.2,77.2,3.45,22,76
0:34:51.180,Exercise,,260,174,2.98,3.04,15.4,6.0,90.6,3.05,30,76
0:34:52.900,Exercise,,260,174,3.37,3.52,15.8,5.7,112.5,3.23,35,80
0:34:54.620,Exercise,,260,174,3.05,3.20,15.9,5.7,108.8,3.12,35,80
0:34:56.580,Exercise,,260,170,2.99,3.18,15.8,5.7,101.7,3.32,31,80
0:34:58.420,Exercise,,260,174,2.83,2.96,15.8,5.7,97.5,2.99,33,80
0:35:00.260,Exercise,,260,170,2.94,3.13,15.9,5.7,101.9,3.13,33,80
0:35:02.060,Exercise,,260,174,2.95,3.11,16.0,5.6,102.4,3.07,33,83
0:35:03.900,Exercise,,260,174,3.01,3.20,16.0,5.6,100.3,3.08,33,80
0:35:05.380,Exercise,,260,174,3.11,3.36,16.4,5.2,117.1,2.89,41,80
0:35:07.060,Exercise,,260,174,2.93,3.19,16.2,5.5,104.6,2.93,36,82
0:35:08.560,Exercise,,260,174,2.91,3.15,16.3,5.2,109.7,2.74,40,82
0:35:10.060,Exercise,,260,174,3.08,3.39,16.4,5.3,118.9,2.97,40,81
0:35:11.780,Exercise,,260,174,2.90,3.16,16.1,5.6,97.9,2.81,35,81
0:35:13.380,Exercise,,260,174,3.02,3.31,16.3,5.3,107.0,2.85,38,82
0:35:15.120,Exercise,,260,174,2.83,3.06,16.1,5.5,98.9,2.87,34,82
0:35:19.100,Exercise,,260,174,3.37,3.61,16.0,5.6,114.2,3.31,34,82
0:35:20.560,Exercise,,260,174,3.29,3.60,16.3,5.3,122.3,2.98,41,82
0:35:21.980,Exercise,,260,174,3.09,3.44,16.5,5.2,123.4,2.92,42,79
0:35:23.480,Exercise,,260,174,2.95,3.24,16.3,5.3,111.6,2.79,40,79
0:35:25.120,Exercise,,260,174,2.78,2.98,16.0,5.7,97.4,2.66,37,83
0:35:26.760,Exercise,,260,174,3.17,3.44,16.2,5.4,111.3,3.04,37,83
0:35:28.300,Exercise,,260,174,3.17,3.45,16.2,5.4,117.0,3.00,39,84
0:35:30.220,Exercise,,260,179,2.76,2.96,15.7,5.9,84.6,2.71,31,84
0:35:31.860,Exercise,,260,179,3.06,3.27,16.0,5.6,107.0,2.92,37,80
0:35:33.560,Exercise,,260,174,3.05,3.12,15.8,5.8,100.5,2.85,35,78
0:35:35.180,Exercise,,260,174,3.21,3.45,16.2,5.4,114.0,3.08,37,78
0:35:36.940,Exercise,,260,174,3.24,3.49,16.2,5.4,116.5,3.42,34,82
0:35:38.680,Exercise,,260,174,3.15,3.46,16.3,5.4,114.4,3.32,34,82
0:35:40.320,Exercise,,260,174,3.19,3.50,16.3,5.4,116.7,3.19,37,79
0:35:41.900,Exercise,,260,174,3.33,3.69,16.4,5.3,120.6,3.18,38,79
0:35:43.540,Exercise,,260,174,3.32,3.69,16.4,5.3,124.9,3.41,37,79
0:35:45.180,Exercise,,260,174,3.01,3.33,16.4,5.3,110.3,3.02,37,79
0:35:46.520,Exercise,,260,174,3.37,3.84,16.7,5.0,137.0,3.06,45,85
0:35:47.960,Exercise,,260,174,3.09,3.52,16.6,5.2,126.8,3.04,42,85
0:35:49.500,Exercise,,260,179,3.12,3.53,16.5,5.3,121.0,3.11,39,82
0:35:51.200,Exercise,,260,179,3.18,3.59,16.6,5.2,122.6,3.47,35,82
0:35:52.940,Exercise,,260,179,3.10,3.52,16.5,5.4,116.6,3.38,34,83
0:35:54.560,Exercise,,260,174,3.20,3.58,16.5,5.3,121.0,3.27,37,81
0:35:56.120,Exercise,,260,174,3.24,3.61,16.3,5.4,118.7,3.09,38,81
0:35:57.740,Exercise,,260,179,3.22,3.58,16.4,5.3,123.6,3.34,37,80
0:35:59.340,Exercise,,260,179,3.04,3.25,16.4,5.2,120.5,3.21,38,80
0:36:01.040,Exercise,,260,179,3.15,3.40,16.5,5.3,121.7,3.45,35,78
0:36:02.500,Exercise,,260,174,3.40,3.71,16.7,5.0,138.5,3.37,41,78
0:36:03.980,Exercise,,260,179,3.23,3.54,16.6,5.2,131.4,3.24,41,82
0:36:05.940,Exercise,,260,174,2.91,3.12,15.9,5.8,95.7,3.13,31,82
0:36:07.620,Exercise,,260,174,3.24,3.45,16.3,5.4,121.2,3.39,36,79
0:36:09.300,Exercise,,260,183,3.29,3.51,16.2,5.4,121.0,3.39,36,79
0:36:11.060,Exercise,,260,179,3.17,3.37,16.2,5.4,113.5,3.33,34,83
0:36:12.600,Exercise,,260,174,3.28,3.51,16.7,5.0,128.1,3.29,39,80
0:36:14.000,Exercise,,260,179,3.40,3.71,16.8,4.9,138.1,3.22,43,80
0:36:15.500,Exercise,,260,179,3.40,3.89,16.7,5.0,138.1,3.45,40,80
0:36:17.200,Exercise,,260,179,2.92,3.31,16.7,5.1,117.6,3.33,35,84
0:36:18.820,Exercise,,260,183,3.03,3.43,16.6,5.1,118.0,3.19,37,81
0:36:20.440,Exercise,,260,179,3.17,3.58,16.6,5.1,124.1,3.35,37,81
0:36:22.000,Exercise,,260,179,3.13,3.51,16.5,5.2,122.6,3.19,38,80
0:36:23.900,Exercise,,260,179,2.91,3.29,16.6,5.1,111.1,3.52,32,80
0:36:25.340,Exercise,,260,179,3.44,3.85,16.4,5.2,131.2,3.15,42,81
0:36:26.820,Exercise,,260,179,3.27,3.66,16.5,5.2,130.8,3.23,41,81
0:36:28.320,Exercise,,260,179,3.24,3.63,16.4,5.2,128.5,3.21,40,79
0:36:29.760,Exercise,,260,179,3.09,3.47,16.5,5.1,120.5,2.89,42,79
0:36:31.300,Exercise,,260,179,3.45,3.70,16.5,5.2,131.3,3.37,39,80
0:36:32.720,Exercise,,260,179,3.38,3.63,16.6,5.1,137.5,3.26,42,80
0:36:34.160,Exercise,,260,179,3.11,3.52,16.7,5.0,128.9,3.10,42,75
0:36:35.600,Exercise,,260,183,3.33,3.80,16.7,5.0,133.4,3.20,42,75
0:36:37.120,Exercise,,260,179,2.65,2.98,16.4,5.2,102.7,2.60,39,79
0:36:38.600,Exercise,,260,183,3.12,3.53,16.6,5.1,124.0,3.06,41,79
0:36:39.880,Exercise,,260,179,3.48,3.96,16.7,4.9,145.3,3.10,47,74
0:36:41.200,Exercise,,260,179,3.26,3.74,16.8,4.8,135.9,2.99,45,74
0:36:42.540,Exercise,,260,183,3.08,3.51,16.9,4.8,131.8,2.94,45,74
0:36:43.840,Exercise,,260,179,3.16,3.63,16.8,4.9,132.7,2.88,46,76
0:36:45.120,Exercise,,260,179,3.28,3.74,16.7,5.0,137.0,2.92,47,76
0:36:46.580,Exercise,,260,179,3.33,3.77,16.7,5.1,136.7,3.33,41,79
0:36:48.040,Exercise,,260,183,2.95,3.35,16.8,5.0,125.2,3.05,41,79
0:36:49.540,Exercise,,260,179,3.41,3.83,16.6,5.1,135.8,3.39,40,81
0:36:51.040,Exercise,,260,179,3.04,3.42,16.8,4.9,127.2,3.18,40,81
0:36:52.360,Exercise,,260,183,3.25,3.66,16.8,4.9,136.4,3.00,45,80
0:36:54.080,Exercise,,260,179,3.02,3.36,16.4,5.2,108.9,3.12,35,80
0:36:55.560,Exercise,,260,183,3.32,3.71,16.7,5.1,137.8,3.40,41,79
0:36:56.980,Exercise,,260,179,3.26,3.63,16.8,4.9,134.8,3.19,42,79
0:36:58.760,Exercise,,260,179,2.92,3.20,16.3,5.4,98.3,2.92,34,79
0:37:00.340,Exercise,,260,183,3.45,3.81,16.6,5.0,135.3,3.56,38,79
0:37:01.800,Exercise,,260,179,3.14,3.49,16.5,5.1,128.0,3.12,41,77
0:37:03.140,Exercise,,260,183,3.50,3.88,16.8,4.9,148.2,3.31,45,77
0:37:04.440,Exercise,,260,179,3.37,3.80,16.8,4.9,138.2,3.00,46,79
0:37:05.780,Exercise,,260,179,3.24,3.59,16.8,4.9,132.7,2.96,45,79
0:37:07.120,Exercise,,260,179,3.13,3.47,16.7,4.9,135.1,3.02,45,81
0:37:08.540,Exercise,,260,183,3.12,3.43,16.7,5.0,130.4,3.09,42,81
0:37:09.960,Exercise,,260,183,3.38,3.75,16.8,4.9,139.8,3.31,42,85
0:37:11.480,Exercise,,260,183,3.33,3.72,16.7,5.0,134.0,3.39,39,85
0:37:12.900,Exercise,,260,183,3.31,3.66,16.8,4.9,138.0,3.27,42,82
0:37:14.460,Exercise,,260,179,3.04,3.35,16.5,5.1,121.8,3.17,38,82
0:37:15.760,Exercise,,260,179,3.13,3.40,16.5,5.1,125.7,2.72,46,82
0:37:17.180,Exercise,,260,183,3.31,3.58,16.5,5.0,127.5,3.02,42,82
0:37:18.660,Exercise,,260,179,3.21,3.45,16.4,5.1,123.8,3.05,41,82
0:37:20.060,Exercise,,260,183,3.28,3.58,16.7,5.0,132.1,3.08,43,78
0:37:21.400,Exercise,,260,179,3.30,3.64,16.7,4.9,136.5,3.05,45,78
0:37:22.860,Exercise,,260,183,3.16,3.44,16.6,5.0,127.6,3.11,41,78
0:37:24.440,Exercise,,260,179,3.03,3.24,16.4,5.2,118.5,3.12,38,78
0:37:25.860,Exercise,,260,183,3.19,3.41,16.4,5.2,121.0,2.87,42,82
0:37:27.340,Exercise,,260,179,3.15,3.37,16.4,5.2,120.5,2.97,41,82
0:37:28.840,Exercise,,260,183,3.46,3.74,16.5,5.1,132.4,3.31,40,76
0:37:30.400,Exercise,,260,179,3.06,3.32,16.6,5.0,122.8,3.19,38,76
0:37:31.840,Exercise,,260,179,3.14,3.27,16.5,5.2,124.2,2.98,42,74
0:37:33.140,Exercise,,260,179,3.38,3.50,16.6,5.0,137.0,2.97,46,74
0:37:34.560,Exercise,,260,183,3.35,3.52,16.8,4.9,137.4,3.25,42,78
0:37:36.020,Exercise,,260,183,3.17,3.36,16.8,4.8,131.5,3.20,41,78
0:37:37.580,Exercise,,260,179,3.15,3.38,16.7,5.1,120.8,3.14,38,76
0:37:38.960,Exercise,,260,183,3.48,3.93,16.9,4.8,146.9,3.38,43,76
0:37:40.120,Exercise,,260,183,3.33,3.87,17.2,4.5,156.6,3.03,52,75
0:37:41.260,Exercise,,260,188,3.26,3.79,17.3,4.5,156.2,2.97,53,75
0:37:42.400,Exercise,,260,183,3.28,3.84,17.2,4.6,157.9,3.00,53,76
0:37:43.640,Exercise,,260,183,3.21,3.70,17.1,4.6,150.7,3.11,48,76
0:37:44.760,Exercise,,260,183,3.24,3.77,17.2,4.6,152.0,2.84,54,76
0:37:45.940,Exercise,,290,183,3.24,3.69,17.1,4.6,148.7,2.92,51,74
0:37:47.900,Exercise,,290,183,2.40,2.61,15.9,5.7,74.5,2.43,31,74
0:37:49.080,Exercise,,290,183,3.80,4.25,16.8,4.9,157.6,3.10,51,70
0:37:50.200,Exercise,,290,183,3.65,4.12,16.9,4.7,156.7,2.93,54,70
0:37:51.320,Exercise,,290,183,3.46,4.00,17.2,4.5,160.1,2.99,54,81
0:37:52.460,Exercise,,290,183,3.44,4.00,17.3,4.5,163.0,3.10,53,81
0:37:53.780,Exercise,,290,183,3.23,3.73,17.1,4.6,149.8,3.30,45,81
0:37:55.340,Exercise,,290,183,3.08,3.44,16.8,4.9,121.3,3.16,38,81
0:37:56.560,Exercise,,290,188,3.44,3.94,17.0,4.7,149.9,3.05,49,81
0:37:57.940,Exercise,,290,188,3.26,3.67,16.9,4.9,140.0,3.22,43,78
0:37:59.400,Exercise,,290,188,3.16,3.57,16.9,4.7,134.9,3.28,41,78
0:38:00.640,Exercise,,290,183,3.28,3.54,16.9,4.8,140.8,2.91,48,70
0:38:02.000,Exercise,,290,183,2.98,3.41,17.0,4.7,135.2,3.06,44,70
0:38:03.120,Exercise,,290,183,3.22,3.67,17.2,4.5,149.3,2.79,54,70
0:38:04.080,Exercise,,290,183,3.23,3.70,17.3,4.5,158.5,2.54,63,75
0:38:05.060,Exercise,,290,188,3.41,3.95,17.3,4.4,166.5,2.72,61,75
0:38:06.080,Exercise,,290,183,3.31,3.89,17.2,4.5,157.2,2.67,59,75
0:38:07.180,Exercise,,290,183,3.22,3.77,17.2,4.5,152.5,2.80,55,86
0:38:08.300,Exercise,,290,183,3.08,3.59,17.3,4.4,151.7,2.83,54,86
0:38:09.320,Exercise,,290,183,3.32,3.89,17.4,4.4,162.7,2.77,59,81
0:38:10.380,Exercise,,290,188,3.17,3.75,17.3,4.4,154.6,2.73,57,81
0:38:11.380,Exercise,,290,188,3.16,3.71,17.4,4.3,161.9,2.70,60,81
0:38:12.940,Exercise,,290,183,5.47,6.47,17.1,4.6,233.2,3.19,73,76
0:38:13.900,Exercise,,290,188,3.38,3.91,17.2,4.5,159.9,2.56,63,76
0:38:15.160,Exercise,,290,183,2.91,3.24,16.8,4.9,122.6,2.58,48,76
0:38:16.640,Exercise,,290,183,3.00,3.24,16.4,5.2,111.3,2.75,41,77
0:38:17.880,Exercise,,290,188,3.17,3.53,16.8,4.8,132.9,2.75,48,77
0:38:18.960,Exercise,,290,188,3.30,3.53,17.0,4.7,147.0,2.65,56,79
0:38:20.000,Exercise,,290,183,3.23,3.44,17.3,4.4,155.2,2.69,58,79
0:38:20.980,Exercise,,290,183,3.33,3.68,17.4,4.3,164.6,2.69,61,79
0:38:22.040,Exercise,,290,188,3.11,3.50,17.6,4.2,162.9,2.88,57,73
0:38:23.200,Exercise,,290,188,3.41,3.88,17.4,4.4,172.8,3.34,52,73
0:38:24.340,Exercise,,290,183,3.14,3.59,17.5,4.3,164.3,3.12,53,72
0:38:25.300,Exercise,,290,183,3.28,3.59,17.6,4.2,176.3,2.82,63,72
0:38:26.260,Exercise,,290,183,3.12,3.50,17.4,4.3,163.3,2.61,63,72
0:38:27.300,Exercise,,290,188,3.22,3.59,17.4,4.3,161.8,2.81,58,72
0:38:28.420,Exercise,,290,188,3.17,3.49,17.1,4.6,151.1,2.82,54,72
0:38:29.420,Exercise,,290,188,3.06,3.29,17.3,4.4,151.7,2.53,60,72
0:38:30.360,Exercise,,290,188,3.29,3.55,17.4,4.3,169.3,2.65,64,71
0:38:31.340,Exercise,,290,183,3.31,3.67,17.5,4.2,165.9,2.71,61,71
0:38:32.360,Exercise,,290,188,3.13,3.47,17.5,4.3,160.8,2.73,59,71
0:38:33.380,Exercise,,290,188,3.19,3.52,17.3,4.5,160.5,2.73,59,67
0:38:34.520,Exercise,,290,188,2.96,3.50,17.3,4.4,144.3,2.74,53,67
0:38:35.560,Exercise,,290,183,3.09,3.54,17.5,4.2,160.6,2.78,58,67
0:38:36.420,Exercise,,290,188,3.22,3.67,17.6,4.1,165.7,2.38,70,68
0:38:37.300,Exercise,,290,188,3.19,3.69,17.5,4.3,162.5,2.38,68,68
0:38:38.280,Exercise,,290,183,3.19,3.73,17.5,4.3,167.1,2.73,61,68
0:38:39.200,Exercise,,290,188,3.22,3.68,17.5,4.2,163.4,2.51,65,68
0:38:40.080,Exercise,,290,188,3.14,3.63,17.4,4.4,159.3,2.34,68,68
0:38:41.020,Exercise,,290,192,3.09,3.62,17.5,4.3,156.0,2.45,64,68
0:38:42.060,Exercise,,290,188,3.17,3.73,17.4,4.4,156.3,2.71,58,68
0:38:43.040,Exercise,,290,188,3.15,3.66,17.4,4.3,158.9,2.60,61,64
0:38:43.940,Exercise,,290,183,3.20,3.51,17.5,4.2,167.6,2.51,67,64
0:38:44.840,Exercise,,290,188,3.30,3.69,17.7,4.1,175.8,2.64,67,64
0:38:45.880,Exercise,,290,183,3.12,3.56,17.4,4.3,158.3,2.74,58,64
0:38:46.800,Exercise,,290,188,3.03,3.37,17.5,4.3,154.2,2.37,65,64
0:38:47.760,Exercise,,290,188,3.18,3.71,17.4,4.4,159.4,2.55,63,64
0:38:49.000,Exercise,,290,188,2.68,3.06,16.9,4.8,118.5,2.45,48,64
0:38:49.980,Exercise,,290,192,3.36,3.87,17.4,4.4,165.5,2.70,61,64
0:38:50.940,Exercise,,290,188,3.32,3.90,17.5,4.2,172.9,2.77,63,64
0:38:51.900,Exercise,,290,183,3.35,3.92,17.4,4.3,170.3,2.72,63,65
0:38:52.840,Exercise,,290,188,3.11,3.63,17.5,4.3,162.9,2.55,64,65
0:38:53.860,Exercise,,290,183,3.11,3.63,17.4,4.3,160.7,2.73,59,65
0:38:54.800,Exercise,,290,188,3.12,3.63,17.5,4.3,162.5,2.55,64,61
0:38:55.740,Exercise,,290,188,3.26,3.79,17.5,4.1,169.4,2.66,64,61
0:38:56.660,Exercise,,290,188,3.27,3.80,17.5,4.2,170.9,2.62,65,61
0:38:57.600,Exercise,,290,188,3.16,3.73,17.6,4.2,165.1,2.59,64,60
0:38:58.500,Exercise,,290,183,3.14,3.67,17.8,3.9,174.8,2.62,67,60
0:38:59.420,Exercise,,290,188,3.31,3.91,17.6,4.2,177.8,2.73,65,60
0:39:00.400,Exercise,,290,188,3.18,3.77,17.5,4.3,162.4,2.65,61,53
0:39:01.300,Recovery,,290,183,3.19,3.72,17.6,4.1,166.8,2.50,67,53
0:39:02.180,Recovery,,290,183,3.02,3.52,17.6,4.1,159.2,2.34,68,53
0:39:03.180,Recovery,,210,188,3.09,3.65,17.4,4.3,162.2,2.70,60,28
0:39:04.240,Recovery,,210,188,2.90,3.42,17.5,4.3,156.6,2.77,57,28
0:39:05.360,Recovery,,210,183,2.60,3.10,17.5,4.2,141.9,2.65,54,28
0:39:06.500,Recovery,,25,183,2.60,3.07,17.6,4.2,143.3,2.72,53,31
0:39:07.660,Recovery,,25,188,2.72,3.18,17.4,4.3,143.3,2.77,52,31
0:39:08.920,Recovery,,25,183,2.60,3.10,17.4,4.4,134.6,2.83,48,31
0:39:10.160,Recovery,,25,183,2.63,3.08,17.3,4.5,131.3,2.71,48,26
0:39:11.440,Recovery,,25,183,2.65,3.05,17.2,4.5,127.8,2.73,47,26
0:39:12.740,Recovery,,25,188,2.66,3.01,17.0,4.7,123.5,2.68,46,30
0:39:14.080,Recovery,,25,183,2.66,2.98,17.0,4.7,123.0,2.75,45,30
0:39:15.500,Recovery,,25,179,2.68,3.00,17.0,4.7,119.6,2.83,42,33
0:39:16.900,Recovery,,25,183,2.79,3.13,16.8,4.9,119.7,2.79,43,33
0:39:18.360,Recovery,,25,183,2.60,2.89,16.9,4.9,112.9,2.75,41,33
0:39:19.780,Recovery,,25,179,2.67,2.99,16.8,4.8,115.3,2.73,42,33
0:39:21.200,Recovery,,25,183,2.67,2.88,16.8,5.0,115.0,2.72,42,34
0:39:22.540,Recovery,,25,179,2.59,2.96,17.0,4.8,117.0,2.61,45,34
0:39:23.940,Recovery,,25,179,2.65,3.05,16.9,5.0,116.0,2.71,43,34
0:39:25.420,Recovery,,25,174,2.47,2.76,17.0,4.9,108.8,2.68,41,43
0:39:26.880,Recovery,,25,174,2.42,2.73,16.9,5.0,107.1,2.61,41,43
0:39:28.280,Recovery,,25,179,2.38,2.68,17.0,4.9,108.6,2.54,43,40
0:39:29.740,Recovery,,25,174,2.45,2.82,17.1,4.8,111.5,2.71,41,40
0:39:31.240,Recovery,,25,179,2.24,2.65,17.3,4.8,110.3,2.76,40,45
0:39:32.680,Recovery,,25,174,2.29,2.74,17.4,4.7,116.3,2.79,42,45
0:39:34.140,Recovery,,25,170,2.22,2.70,17.5,4.7,114.2,2.78,41,47
0:39:35.580,Recovery,,25,174,2.15,2.64,17.6,4.5,113.6,2.73,42,47
0:39:36.900,Recovery,,25,174,2.10,2.64,17.8,4.4,119.3,2.63,45,48
0:39:38.260,Recovery,,25,170,2.35,2.92,17.6,4.6,120.5,2.73,44,48
0:39:39.640,Recovery,,25,167,2.22,2.95,17.8,4.4,125.8,2.90,43,50
0:39:41.000,Recovery,,25,170,2.04,2.72,17.9,4.4,120.8,2.74,44,50
0:39:42.360,Recovery,,25,174,1.95,2.58,17.8,4.4,111.8,2.54,44,49
0:39:44.480,Recovery,,25,170,1.37,1.72,16.8,5.4,53.1,1.88,28,49
0:39:45.880,Recovery,,25,170,2.26,2.84,17.3,4.9,110.9,2.59,43,47
0:39:47.300,Recovery,,25,170,2.12,2.69,17.5,4.7,109.1,2.58,42,47
0:39:48.640,Recovery,,25,167,2.15,2.77,17.6,4.7,113.9,2.54,45,46
0:39:49.960,Recovery,,25,167,1.96,2.60,17.8,4.4,110.7,2.44,45,46
0:39:51.240,Recovery,,25,167,2.22,2.99,17.8,4.5,126.7,2.70,47,46
0:39:52.580,Recovery,,25,163,1.91,2.59,18.0,4.3,114.1,2.55,45,47
0:39:53.860,Recovery,,25,163,1.84,2.48,18.0,4.3,111.5,2.38,47,47
0:39:55.320,Recovery,,25,167,1.80,2.50,18.1,4.3,111.2,2.71,41,51
0:39:56.700,Recovery,,25,163,1.81,2.53,18.1,4.2,113.7,2.62,43,51
0:39:58.040,Recovery,,25,163,1.66,2.33,18.2,4.2,108.5,2.42,45,53
0:39:59.520,Recovery,,25,160,1.72,2.44,18.2,4.1,113.2,2.79,41,53
0:40:01.000,Recovery,,25,160,1.68,2.42,18.3,4.1,113.8,2.81,41,54
0:40:02.400,Recovery,,25,160,1.56,2.24,18.3,4.1,104.0,2.43,43,54
0:40:03.860,Recovery,,25,160,1.57,2.24,18.2,4.1,103.8,2.53,41,57
0:40:05.300,Recovery,,25,160,1.56,2.22,18.2,4.1,102.2,2.45,42,57
0:40:06.740,Recovery,,25,156,1.58,2.22,18.2,4.2,101.2,2.43,42,61
0:40:08.260,Recovery,,25,156,1.46,2.03,18.1,4.2,93.0,2.36,39,61
0:40:09.760,Recovery,,25,160,1.59,2.16,18.0,4.3,95.9,2.40,40,63
0:40:11.200,Recovery,,25,160,1.62,2.20,18.0,4.2,99.8,2.40,42,63
0:40:12.860,Recovery,,25,156,1.34,1.77,17.7,4.5,70.9,1.96,36,65
0:40:14.160,Recovery,,25,156,1.29,1.67,17.7,4.4,74.3,1.61,46,65
0:40:15.780,Recovery,,25,153,1.62,2.06,17.7,4.5,90.8,2.45,37,66
0:40:17.480,Recovery,,25,153,1.66,2.13,17.9,4.3,94.8,2.69,35,66
0:40:19.060,Recovery,,25,156,1.56,1.99,17.9,4.2,93.9,2.47,38,65
0:40:20.700,Recovery,,25,153,1.48,1.90,17.9,4.2,85.7,2.34,37,65
0:40:22.200,Recovery,,25,153,1.34,1.71,17.9,4.2,79.1,1.98,40,64
0:40:24.940,Recovery,,25,153,0.58,0.74,19.1,2.8,36.9,1.69,22,64
